Price,Close,High,Low,Open,Volume,rsi,macd,macd_signal,ema_20,ema_50,atr,future_close,return_pct,target
2025-05-28 03:45:00+00:00,24760.5,24863.150390625,24743.349609375,24844.400390625,0.0,44.04674978890981,-4.572774436142936,14.14444649814737,24855.570040831877,24869.48804867871,111.78102733213323,24768.05078125,0.0003049526968356859,1
2025-05-28 04:45:00+00:00,24768.05078125,24801.900390625,24737.25,24760.0,0.0,44.57147528609284,-10.835140022772975,9.148529193963302,24847.234873252648,24865.51011662268,108.41455328162374,24761.69921875,-0.00025644175862269645,1
2025-05-28 05:45:00+00:00,24761.69921875,24783.849609375,24746.349609375,24767.75,0.0,44.196015578644094,-16.124751778417703,4.093872999487101,24839.08862044287,24861.43910101983,103.34922804722204,24791.349609375,0.0011974295609950788,2
2025-05-28 06:45:00+00:00,24791.349609375,24827.05078125,24759.05078125,24762.19921875,0.0,46.46323212955264,-17.720003311718756,-0.2689022627540702,24834.542047960214,24858.690493504346,100.82428318670618,24788.55078125,-0.00011289535136649462,1
2025-05-28 07:45:00+00:00,24788.55078125,24797.099609375,24761.099609375,24791.099609375,0.0,46.272124630528126,-18.991175237388237,-4.013356857680903,24830.161927321147,24855.9399165532,96.1939772447986,24748.5,-0.001615696762728635,0
2025-05-28 08:45:00+00:00,24748.5,24798.0,24748.400390625,24788.349609375,0.0,43.513982809286766,-22.96561812517029,-7.803809111178782,24822.38460090961,24851.72658649229,92.86580811124156,24757.150390625,0.0003495319160757218,1
2025-05-28 09:45:00+00:00,24757.150390625,24757.44921875,24740.05078125,24749.5,0.0,44.28642781234126,-25.127721783686862,-11.2685916456804,24816.171818977746,24848.01771606612,87.47528163901003,24801.75,0.0018014839620592567,2
2025-05-29 03:45:00+00:00,24801.75,24888.30078125,24780.30078125,24845.19921875,0.0,48.2181615462275,-22.97751824082661,-13.61037696470964,24814.79831240843,24846.20329582824,90.59493228086646,24723.55078125,-0.0031529718165048837,0
2025-05-29 04:45:00+00:00,24723.55078125,24806.150390625,24714.650390625,24802.44921875,0.0,42.54842792809851,-27.269148091971147,-16.342131190161943,24806.108071345723,24841.39339329576,90.65957997509028,24732.05078125,0.00034380174899659974,1
2025-05-29 05:45:00+00:00,24732.05078125,24748.30078125,24709.05078125,24722.19921875,0.0,43.32847019948733,-29.6427139514999,-19.00224774242953,24799.05499609851,24837.10544772534,86.98746711972669,24760.75,0.0011604059446520955,2
2025-05-29 06:45:00+00:00,24760.75,24772.900390625,24677.599609375,24732.0,0.0,45.99464651719534,-28.87514024940901,-20.976826243825432,24795.40690123199,24834.111116441996,87.58127527188906,24725.599609375,-0.0014196012085659765,0
2025-05-29 07:45:00+00:00,24725.599609375,24773.69921875,24717.80078125,24760.349609375,0.0,43.30726426412649,-30.74872317940026,-22.9312056309404,24788.7585877218,24829.85576322368,85.31821543103983,24850.75,0.005061571513013895,2
2025-05-29 08:45:00+00:00,24850.75,24853.75,24718.05078125,24725.599609375,0.0,53.68359369812848,-21.8827102891737,-22.72150656258706,24794.662531748298,24830.67514505805,88.91685852525127,24880.849609375,0.0012112153305232237,2
2025-05-29 09:45:00+00:00,24880.849609375,24891.150390625,24837.099609375,24850.44921875,0.0,55.77987534843021,-12.285919837693656,-20.63438921760838,24802.870824855603,24832.64277110969,86.42642443416189,24794.75,-0.0034604770627510253,0
2025-05-30 03:45:00+00:00,24794.75,24863.599609375,24780.69921875,24830.5,0.0,48.95441913956567,-11.495401344796846,-18.806591643046072,24802.097412964595,24831.156780085785,87.40670773350746,24753.94921875,-0.0016455411427822421,0
2025-05-30 04:45:00+00:00,24753.94921875,24795.80078125,24717.849609375,24795.80078125,0.0,46.07707986089401,-13.999810701130627,-17.845235454662983,24797.511870658444,24828.12903258242,86.73131231504264,24741.849609375,-0.0004887951117648367,1
2025-05-30 05:45:00+00:00,24741.849609375,24787.94921875,24735.30078125,24754.30078125,0.0,45.22810444776803,-16.767623785712203,-17.62971312087283,24792.210702917164,24824.74552578997,84.29682125682531,24758.25,0.0006628603311365082,1
2025-05-30 06:45:00+00:00,24758.25,24768.900390625,24729.349609375,24732.69921875,0.0,46.66263321628781,-17.436761009692418,-17.59112269863675,24788.97635025839,24822.13785811193,81.10067554205207,24753.900390625,-0.00017568323185200894,1
2025-05-30 07:45:00+00:00,24753.900390625,24801.69921875,24750.75,24758.599609375,0.0,46.31616386742519,-18.109281679368,-17.694754494782998,24785.635782674257,24819.4618789948,78.9470000569055,24752.150390625,-7.069592962662056e-05,1
2025-05-30 08:45:00+00:00,24752.150390625,24786.80078125,24729.80078125,24753.599609375,0.0,46.16763676879216,-18.569412897155416,-17.86968617525748,24782.446697717183,24816.82221278422,77.37935719569795,24736.650390625,-0.0006262082184936425,1
2025-05-30 09:45:00+00:00,24736.650390625,24757.150390625,24731.099609375,24751.650390625,0.0,44.797373548597335,-19.954764558984607,-18.286701852002903,24778.085144660785,24813.678219758367,73.71303034243381,24581.94921875,-0.006253925629867436,0
2025-06-02 03:45:00+00:00,24581.94921875,24700.5,24526.150390625,24669.69921875,0.0,33.96271279405636,-33.1535835369541,-21.26007818899315,24759.40553266928,24804.590807954115,83.48352817511712,24623.150390625,0.0016760742408325215,2
2025-06-02 04:45:00+00:00,24623.150390625,24638.849609375,24554.19921875,24581.75,0.0,38.24647326588911,-39.83001679135123,-24.97406590946477,24746.428852474583,24797.475497470623,83.56687549296589,24665.94921875,0.0017381540317154215,2
2025-06-02 05:45:00+00:00,24665.94921875,24673.25,24611.599609375,24623.25,0.0,42.42458476871992,-41.19278570956885,-28.217809869485585,24738.764125453195,24792.31760418746,82.00141228811118,24702.44921875,0.00147977276999558,2
2025-06-02 06:45:00+00:00,24702.44921875,24737.05078125,24665.55078125,24665.55078125,0.0,45.79295385747283,-38.87936778840231,-30.350121453268933,24735.305562910034,24788.79335377815,81.25131141038896,24693.599609375,-0.00035824825694947063,1
2025-06-02 07:45:00+00:00,24693.599609375,24732.900390625,24682.150390625,24702.900390625,0.0,45.10396337855352,-37.329742896738026,-31.746045741962757,24731.33356733527,24785.060265762346,79.0726463096469,24723.94921875,0.001229047601609191,2
2025-06-02 08:45:00+00:00,24723.94921875,24754.30078125,24654.80078125,24693.849609375,0.0,47.99386355173528,-33.26918768506948,-32.0506741305841,24730.630296041432,24782.6637541148,80.53174300181499,24690.69921875,-0.00134484987433901,0
2025-06-02 09:45:00+00:00,24690.69921875,24724.75,24666.599609375,24724.0,0.0,45.18725990609636,-32.361126619693096,-32.1127646284059,24726.827336299397,24779.057301747554,78.93307497489964,24661.69921875,-0.0011745313384230746,0
2025-06-03 03:45:00+00:00,24661.69921875,24841.900390625,24601.80078125,24773.94921875,0.0,42.83448718549927,-33.5942853107008,-32.409068764864884,24720.624658437548,24774.455023982948,90.44497028919253,24590.19921875,-0.002899232504856737,0
2025-06-03 04:45:00+00:00,24590.19921875,24766.44921875,24588.05078125,24662.400390625,0.0,37.63196866775699,-39.88129812774787,-33.90351463744148,24708.20318799112,24767.22930613068,96.7273608042502,24615.349609375,0.0010227810844990167,2
2025-06-03 05:45:00+00:00,24615.349609375,24662.599609375,24572.55078125,24590.25,0.0,40.37524795907893,-42.34623372511487,-35.59205845497616,24699.35999002768,24761.27323959124,96.25032275573234,24541.44921875,-0.003002207638637572,0
2025-06-03 06:45:00+00:00,24541.44921875,24648.94921875,24502.75,24614.849609375,0.0,35.442199936298024,-49.69006076749429,-38.41165891747979,24684.32086895361,24752.65268975433,99.81810104103717,24577.150390625,0.001454729570237597,2
2025-06-03 07:45:00+00:00,24577.150390625,24579.55078125,24516.5,24540.5,0.0,39.3005808219547,-52.0295461836904,-41.13523637072191,24674.11415673184,24745.77024665122,97.19186391310596,24535.19921875,-0.001706917653521067,0
2025-06-03 08:45:00+00:00,24535.19921875,24601.69921875,24534.400390625,24576.400390625,0.0,36.537216523821165,-56.61607928117883,-44.23140495281329,24660.88416263833,24737.512559282542,95.05664707109838,24538.400390625,0.00013047262614251112,1
2025-06-03 09:45:00+00:00,24538.400390625,24550.650390625,24524.44921875,24535.5,0.0,36.90180729607767,-59.308955270309525,-47.24691501631254,24649.2190414942,24729.704238943035,90.13839884280564,24578.75,0.0016443455454584455,2
2025-06-04 03:45:00+00:00,24578.75,24612.0,24530.75,24568.150390625,0.0,41.46644665710776,-57.52410060771945,-49.30235213459393,24642.50770420904,24723.78446486684,89.50351321117667,24581.55078125,0.00011395132990896608,1
2025-06-04 04:45:00+00:00,24581.55078125,24609.599609375,24569.599609375,24578.94921875,0.0,41.781277131672354,-55.246740751186735,-50.4912298579125,24636.70228297485,24718.20667335245,85.9675479818069,24607.75,0.0010658082145892887,2
2025-06-04 05:45:00+00:00,24607.75,24607.94921875,24572.0,24582.05078125,0.0,44.77362608729384,-50.74292579804751,-50.541569045939504,24633.944922691528,24713.87503910334,82.39481017953497,24600.25,-0.0003047820300515082,1
2025-06-04 06:45:00+00:00,24600.25,24619.900390625,24582.19921875,24607.5,0.0,44.07523006484918,-47.23431948663347,-49.8801191340783,24630.73588243519,24709.419155216936,79.20240744349677,24616.55078125,0.0006626266501356694,1
2025-06-04 07:45:00+00:00,24616.55078125,24632.0,24588.80078125,24600.400390625,0.0,46.04512043024115,-42.64678134251517,-48.43345157576568,24629.384920417557,24705.777258198625,76.630751108247,24616.900390625,1.4202208022835245e-05,1
2025-06-04 08:45:00+00:00,24616.900390625,24644.25,24608.650390625,24616.55078125,0.0,46.08898104598283,-38.53866402769563,-46.45449406615167,24628.195917580168,24702.2918908428,73.69995527015793,24612.0,-0.00019906611097416003,1
2025-06-04 09:45:00+00:00,24612.0,24622.05078125,24604.099609375,24617.650390625,0.0,45.530283625556926,-35.27178089325753,-44.21795143157284,24626.6534492392,24698.75103237837,69.71789931336093,24732.25,0.004885828051357062,2
2025-06-05 03:45:00+00:00,24732.25,24761.25,24613.650390625,24674.05078125,0.0,58.745861308440325,-22.717706860374165,-39.91790251733311,24636.71026359737,24700.064717383146,75.39876364812086,24708.80078125,-0.0009481231489249866,0
2025-06-05 04:45:00+00:00,24708.80078125,24741.150390625,24690.900390625,24733.0,0.0,55.897772569199184,-14.493595574094796,-34.83304112868545,24643.57602718333,24700.40730812302,73.60242338754081,24865.150390625,0.006327689099895296,2
2025-06-05 05:45:00+00:00,24865.150390625,24873.099609375,24707.849609375,24708.099609375,0.0,67.28613352358548,4.587299151044135,-26.94897307273953,24664.67834751111,24706.86782116232,80.14867885985932,24796.25,-0.0027709621515491726,0
2025-06-05 06:45:00+00:00,24796.25,24898.900390625,24785.55078125,24870.75,0.0,59.94047935784625,13.988113724572033,-18.76155571327722,24677.20898108148,24710.37300464615,82.52017389665507,24713.55078125,-0.0033351502243282754,0
2025-06-05 07:45:00+00:00,24713.55078125,24790.19921875,24693.099609375,24777.150390625,0.0,52.528049667944416,14.596926909249303,-12.089859188771918,24680.67010490705,24710.497623336498,83.99376080582256,24752.55078125,0.0015780816097696907,2
2025-06-05 08:45:00+00:00,24752.55078125,24780.650390625,24701.099609375,24713.80078125,0.0,55.33330306311445,18.01868166181157,-6.068151018655221,24687.515883606386,24712.146766784088,83.67640512326382,24761.099609375,0.0003453716023269698,1
2025-06-05 09:45:00+00:00,24761.099609375,24775.400390625,24745.44921875,24752.849609375,0.0,55.94781334632339,21.176160345024982,-0.6192887459191807,24694.52385748911,24714.06648610138,79.83888846267355,24750.599609375,-0.0004240522499261103,1
2025-06-06 03:45:00+00:00,24750.599609375,24816.94921875,24671.650390625,24758.94921875,0.0,54.94789672651678,22.571037827940017,4.018776568852659,24699.864405287764,24715.499157602306,84.51459843855402,24983.05078125,0.009391739010110787,2
2025-06-06 04:45:00+00:00,24983.05078125,24983.599609375,24735.75,24750.25,0.0,68.40879377013731,41.94978417833772,11.604978090749674,24726.834536331786,24725.99137813751,96.18138493401445,24998.849609375,0.0006323818601392413,1
2025-06-06 05:45:00+00:00,24998.849609375,25029.30078125,24960.55078125,24982.650390625,0.0,69.08488852430231,57.91480781693099,20.866944035985934,24752.740733764476,24736.69170093114,94.22200029587056,24969.05078125,-0.0011920079759920202,0
2025-06-06 06:45:00+00:00,24969.05078125,24999.55078125,24966.0,24998.55078125,0.0,66.20680761227149,67.38590491620562,30.170736212029876,24773.34169066785,24745.80382172796,89.88834179259409,24990.0,0.0008390074149607397,1
2025-06-06 07:45:00+00:00,24990.0,24997.69921875,24962.349609375,24969.44921875,0.0,67.24008294417837,75.70951234536915,39.27849143869773,24793.975815366157,24755.380142444512,85.99271804848023,25002.099609375,0.0004841780462184874,1
2025-06-06 08:45:00+00:00,25002.099609375,25021.75,24983.19921875,24989.69921875,0.0,67.85149752247568,82.33328173607515,47.88944949817322,24813.79712908128,24765.055415657476,82.60400827716022,25000.30078125,-7.194708256923734e-05,1
2025-06-06 09:45:00+00:00,25000.30078125,25010.05078125,24992.650390625,25002.099609375,0.0,67.64935408191857,86.44107737140075,55.59977507281873,24831.55938166878,24774.280724112083,77.94660701629164,25118.94921875,0.004745880401126424,2
2025-06-09 03:45:00+00:00,25118.94921875,25160.099609375,25078.94921875,25160.099609375,0.0,73.29968236932021,98.1391848934254,64.10765703694007,24858.929842343183,24787.79713566651,83.79319423834224,25122.30078125,0.00013342765538529102,1
2025-06-09 04:45:00+00:00,25122.30078125,25142.69921875,25110.0,25119.150390625,0.0,73.44079819671418,106.45333469109757,72.57679256777158,24884.012788905737,24800.914925689394,80.1436245606035,25116.25,-0.00024085298964798612,1
2025-06-09 05:45:00+00:00,25116.25,25128.19921875,25102.30078125,25121.599609375,0.0,72.69382395372168,111.27144289791975,80.31572263380122,24906.13061853376,24813.281007034908,76.26896834198897,25109.05078125,-0.0002866358930970985,1
2025-06-09 06:45:00+00:00,25109.05078125,25127.849609375,25103.44921875,25116.55078125,0.0,71.75863151431673,113.20396671639536,86.89337145032005,24925.456348316256,24824.87982171001,72.56406993363261,25090.69921875,-0.0007308744030142269,1
2025-06-09 07:45:00+00:00,25090.69921875,25117.099609375,25088.349609375,25109.099609375,0.0,69.31082600817336,111.96403632669536,91.9075044255951,24941.193764548043,24835.304111790007,69.43449350980171,25103.19921875,0.000498192572913986,1
2025-06-09 08:45:00+00:00,25103.19921875,25107.25,25083.5,25090.400390625,0.0,70.05998908244459,110.71378845639629,95.66876123175534,24956.62285542442,24845.809802259027,66.17131540195874,25102.150390625,-4.178065575867369e-05,1
2025-06-09 09:45:00+00:00,25102.150390625,25110.94921875,25099.400390625,25103.19921875,0.0,69.90578946243888,108.38888673087422,98.21278633157912,24970.482620681614,24855.86237435181,62.269709167890255,25156.900390625,0.00218108804018829,2
2025-06-10 03:45:00+00:00,25156.900390625,25191.25,25055.94921875,25191.25,0.0,73.21937664691474,109.69970290909988,100.51016964708327,24988.23669400956,24867.66778675468,67.48621431661238,25127.69921875,-0.0011607619150840278,0
2025-06-10 04:45:00+00:00,25127.69921875,25163.75,25099.80078125,25156.5,0.0,68.86416209247764,107.1471183645881,101.83755939058425,25001.518839222936,24877.865097813323,67.23357177614007,25133.5,0.00023085206486678748,1
2025-06-10 05:45:00+00:00,25133.5,25150.5,25115.5,25127.80078125,0.0,69.25538428968588,104.38892079137077,102.34783167074156,25014.08847358266,24887.88999593829,64.93117379213007,25130.5,-0.00011936260369626197,1
2025-06-10 06:45:00+00:00,25130.5,25142.75,25120.0,25133.5,0.0,68.77409382587831,100.79900621644629,102.0380665798825,25025.175285622405,24897.404113744637,61.91823280697792,25127.55078125,-0.00011735615089234198,1
2025-06-10 07:45:00+00:00,25127.55078125,25140.80078125,25121.150390625,25127.650390625,0.0,68.27179122638984,96.60242314530478,100.95093789296696,25034.925332825034,24906.429473254648,58.899101222550925,25104.69921875,-0.0009094225974881592,0
2025-06-10 08:45:00+00:00,25104.69921875,25129.25,25086.150390625,25126.400390625,0.0,64.35001508778439,90.39070295400596,98.83889090517478,25041.570464817887,24914.20475739172,57.770566090583,25091.5,-0.0005257668548421353,1
2025-06-10 09:45:00+00:00,25091.5,25111.80078125,25087.69921875,25103.94921875,0.0,62.1299805593537,83.44094799838422,95.75930232381668,25046.32565864476,24921.15751200381,55.36563726268421,25146.349609375,0.0021859836747504134,2
2025-06-11 03:45:00+00:00,25146.349609375,25158.599609375,25084.400390625,25122.150390625,0.0,67.19479792170921,81.42055670981063,92.89155320101548,25055.851749190493,24929.988574645817,56.71089308320677,25180.80078125,0.001370026759755062,2
2025-06-11 04:45:00+00:00,25180.80078125,25188.849609375,25132.400390625,25147.150390625,0.0,69.916334386417,81.65800110098644,90.64484278100969,25067.751657005683,24939.824347453825,56.69220205940629,25205.94921875,0.0009987147636196661,2
2025-06-11 05:45:00+00:00,25205.94921875,25215.80078125,25179.25,25180.44921875,0.0,71.75819030384638,82.91960068266417,89.09979436134059,25080.91332955276,24950.26061691642,55.25352914444869,25208.05078125,8.337565396809998e-05,1
2025-06-11 06:45:00+00:00,25208.05078125,25222.19921875,25186.30078125,25206.19921875,0.0,71.91294615367393,83.13072670041947,87.90598082915636,25093.02165828583,24960.370035125583,53.87102259841664,25127.849609375,-0.0031815697520989777,0
2025-06-11 07:45:00+00:00,25127.849609375,25214.19921875,25108.150390625,25207.94921875,0.0,58.694633140960335,75.95096583312625,85.51497782995034,25096.33860600861,24966.937861566737,57.59800870745831,25144.94921875,0.0006805042867106413,1
2025-06-11 08:45:00+00:00,25144.94921875,25157.599609375,25125.80078125,25127.30078125,0.0,60.367312257281405,70.8243303934214,82.57684834264455,25100.96818817445,24973.91869910333,55.75521009442558,25126.80078125,-0.0007217527998214105,1
2025-06-11 09:45:00+00:00,25126.80078125,25146.69921875,25124.94921875,25145.0,0.0,57.69679391023255,64.55288219543581,78.97205511320281,25103.42843513403,24979.914074873792,53.32626651625232,25096.80078125,-0.001193944277314701,0
2025-06-12 03:45:00+00:00,25096.80078125,25195.55078125,25065.25,25131.69921875,0.0,53.4847724407912,56.51054663068135,74.47975341669853,25102.797230002216,24984.497867280705,58.82444614009144,25046.150390625,-0.0020182010873211085,0
2025-06-12 04:45:00+00:00,25046.150390625,25115.75,25038.25,25096.599609375,0.0,47.217378487392416,45.5250896382895,68.68882066101672,25097.402292918672,24986.915613294208,60.158414272942046,25039.150390625,-0.00027948406804345323,1
2025-06-12 05:45:00+00:00,25039.150390625,25092.75,25010.0,25045.849609375,0.0,46.408003733662206,35.84104111560737,62.11926475193486,25091.854492700222,24988.964035934638,61.7720989677319,25041.099609375,7.784684063121464e-05,1
2025-06-12 06:45:00+00:00,25041.099609375,25074.5,25021.650390625,25039.349609375,0.0,46.68207797531909,28.000871932705195,55.29558618808893,25087.0206942883,24991.00856822641,61.134778282536764,24847.400390625,-0.0077352521163839795,0
2025-06-12 07:45:00+00:00,24847.400390625,25045.44921875,24826.69921875,25041.19921875,0.0,30.17015141118192,6.087401453987695,45.45394924126869,25064.199712987032,24985.37687498714,72.39300840521271,24887.55078125,0.0016158789247083113,2
2025-06-12 08:45:00+00:00,24887.55078125,24920.94921875,24844.5,24847.55078125,0.0,35.28026864745149,-7.947763930522342,34.773606606910484,25047.376005202557,24981.54055758569,72.68273771555467,24856.0,-0.0012677334755563814,0
2025-06-12 09:45:00+00:00,24856.0,24887.349609375,24850.80078125,24887.349609375,0.0,33.22280983568122,-21.37027475678769,23.54483033417085,25029.149718992787,24976.61739846468,70.11611359301504,24644.150390625,-0.008523077300249437,0
2025-06-13 03:45:00+00:00,24644.150390625,24654.400390625,24508.099609375,24508.099609375,0.0,23.36840227590156,-48.54263498668661,9.12733726999936,24992.48311629109,24963.579476588617,89.95784766672826,24653.75,0.00038952892361230815,1
2025-06-13 04:45:00+00:00,24653.75,24692.349609375,24625.19921875,24642.5,0.0,24.46178313144021,-68.51254798035006,-6.400639780070526,24960.222819501465,24951.42930103612,88.3287435923191,24688.94921875,0.0014277429904172793,2
2025-06-13 05:45:00+00:00,24688.94921875,24702.0,24639.75,24652.75,0.0,28.490717141850894,-80.56980654541258,-21.234473133138938,24934.38723847752,24941.13596447588,86.46597619286774,24686.0,-0.00011945501300477456,1
2025-06-13 06:45:00+00:00,24686.0,24724.55078125,24674.44921875,24688.80078125,0.0,28.35425871245077,-89.33346752606667,-34.85427201172449,24910.731311003467,24931.130632535653,83.86851807194863,24715.849609375,0.0012091715699181723,2
2025-06-13 07:45:00+00:00,24715.849609375,24754.099609375,24680.650390625,24685.19921875,0.0,31.908961497537973,-92.80037304479993,-46.44349221833958,24892.171148943613,24922.68823947053,83.12428240609516,24725.599609375,0.00039448370798880874,1
2025-06-13 08:45:00+00:00,24725.599609375,24728.44921875,24650.900390625,24714.349609375,0.0,33.07695190009501,-93.68127767577607,-55.89104930982688,24876.307192794226,24914.95927358443,82.72603567173122,24735.55078125,0.00040246432977208356,1
2025-06-13 09:45:00+00:00,24735.55078125,24744.94921875,24709.75,24725.150390625,0.0,34.315370219416295,-92.51002653707474,-63.21484475527646,24862.9018202662,24907.92364643406,79.3312630344647,24763.69921875,0.0011379749636032778,2
2025-06-16 03:45:00+00:00,24763.69921875,24817.400390625,24704.599609375,24733.75,0.0,37.82049637566436,-88.29267491516293,-68.23041078725376,24853.453953455137,24902.267786524884,81.72194290700293,24906.75,0.00577663215767409,2
2025-06-16 04:45:00+00:00,24906.75,24930.5,24763.25,24763.599609375,0.0,51.87539456334,-72.57083938614596,-69.09849650703221,24858.52976741179,24902.44355960234,87.831089842217,24916.900390625,0.0004075357332851536,1
2025-06-16 05:45:00+00:00,24916.900390625,24925.05078125,24874.25,24906.75,0.0,52.6925176747707,-58.61642609404953,-67.00208242443568,24864.08887438448,24903.010494152248,85.18606779991579,24934.400390625,0.0007023345490671218,1
2025-06-16 06:45:00+00:00,24934.400390625,24952.69921875,24891.650390625,24917.30078125,0.0,54.13832429051077,-45.61947635130855,-62.725561209810266,24870.785209264526,24904.241470484518,83.46197925170752,24961.5,0.0010868362162496231,2
2025-06-16 07:45:00+00:00,24961.5,24966.30078125,24927.650390625,24934.349609375,0.0,56.36240646868596,-32.75500869558164,-56.731450706964544,24879.424713144093,24906.48690301453,80.26115149265698,24950.69921875,-0.0004326976043106384,1
2025-06-16 08:45:00+00:00,24950.69921875,24965.75,24928.5,24961.650390625,0.0,55.21314144012733,-23.164334151122603,-50.01802739579616,24886.21276129704,24908.220719317884,77.18892638603862,24940.94921875,-0.00039077061185816594,1
2025-06-16 09:45:00+00:00,24940.94921875,24957.94921875,24936.44921875,24951.55078125,0.0,54.13993681104521,-16.164069660153473,-43.24723584866763,24891.42575724494,24909.50418988385,73.211145929893,24851.69921875,-0.0035784524164342558,0
2025-06-17 03:45:00+00:00,24851.69921875,24975.80078125,24846.80078125,24966.30078125,0.0,45.43410371070768,-17.61498415115784,-38.12078550916567,24887.64227738828,24907.23732827076,77.19606407775778,24878.80078125,0.001090531567336552,2
2025-06-17 04:45:00+00:00,24878.80078125,24908.400390625,24850.25,24851.75,0.0,48.16011357266648,-16.38905195292682,-33.7744387979179,24886.80023013701,24906.12216956406,75.83565883113222,24855.69921875,-0.0009285641499814806,0
2025-06-17 05:45:00+00:00,24855.69921875,24899.849609375,24854.0,24878.80078125,0.0,46.04831923749551,-17.084653627211082,-30.43648176377654,24883.838229052537,24904.1447989439,73.69379815569421,24839.44921875,-0.0006537736016592019,1
2025-06-17 06:45:00+00:00,24839.44921875,24864.05078125,24814.0,24855.05078125,0.0,44.56790573072004,-18.731240082826844,-28.09543342758661,24879.610704261817,24901.60771736767,72.00501123385891,24862.349609375,0.0009219363289148011,2
2025-06-17 07:45:00+00:00,24862.349609375,24866.25,24830.599609375,24839.80078125,0.0,47.14669363782621,-17.981027483001526,-26.07255223866959,24877.966790463077,24900.068183720898,69.40825261894041,24862.400390625,2.0424960149724384e-06,1
2025-06-17 08:45:00+00:00,24862.400390625,24869.25,24836.75,24862.25,0.0,47.15256479129853,-17.18429115854815,-24.2949000226453,24876.48427619278,24898.5910153642,66.77194886044467,24841.5,-0.0008406425082302601,1
2025-06-17 09:45:00+00:00,24841.5,24868.44921875,24833.849609375,24859.5,0.0,44.93988325675036,-18.031502792851825,-23.042220576686606,24873.15244036489,24896.35215201658,64.47392461148434,24916.94921875,0.00303722475494636,2
2025-06-18 03:45:00+00:00,24916.94921875,24947.400390625,24777.849609375,24789.349609375,0.0,53.43481595234914,-12.471044283625815,-20.927985318074448,24877.323562115856,24897.15988012377,71.97941437137831,24837.94921875,-0.003170532608404263,0
2025-06-18 04:45:00+00:00,24837.94921875,24928.849609375,24826.0,24917.25,0.0,45.51625345006716,-14.2744338358425,-19.59727502162806,24873.573624652443,24894.837893403237,74.18442830020844,24816.349609375,-0.000869621287360335,0
2025-06-18 05:45:00+00:00,24816.349609375,24837.80078125,24767.19921875,24837.80078125,0.0,43.61323154452996,-17.24772002962345,-19.12736402322714,24868.12371843554,24891.75992148056,73.9391119930507,24800.5,-0.0006386760996070273,1
2025-06-18 06:45:00+00:00,24800.5,24817.5,24760.650390625,24815.80078125,0.0,42.218354484537656,-20.64501884919809,-19.430894988421333,24861.683364298824,24888.18110103034,72.71843323461852,24776.900390625,-0.0009515779671780811,0
2025-06-18 07:45:00+00:00,24776.900390625,24814.94921875,24765.599609375,24799.849609375,0.0,40.15881785859711,-24.95403925514256,-20.53552384176558,24853.608795377502,24883.81715160268,71.04923153036005,24813.05078125,0.0014590360398219328,2
2025-06-18 08:45:00+00:00,24813.05078125,24829.650390625,24750.900390625,24777.19921875,0.0,44.615857691184026,-25.16188403324486,-21.46079588006144,24849.746127365364,24881.04199982414,71.59928642104862,24798.75,-0.0005763411108160226,1
2025-06-18 09:45:00+00:00,24798.75,24823.30078125,24794.94921875,24813.25,0.0,43.243710334869945,-26.17878332910186,-22.404393369869524,24844.889353330567,24877.81486257613,68.51016328383086,24833.19921875,0.0013891514189223247,2
2025-06-19 03:45:00+00:00,24833.19921875,24862.400390625,24738.55078125,24802.349609375,0.0,47.43736739552974,-23.92907976227798,-22.709330648351216,24843.77600718004,24876.065229484917,72.46298086177151,24814.55078125,-0.0007509478475056781,1
2025-06-19 04:45:00+00:00,24814.55078125,24839.5,24796.44921875,24832.400390625,0.0,45.4783799298937,-23.38142007587521,-22.84374853385601,24840.992652329554,24873.652898181583,70.36210946093068,24811.80078125,-0.00011082207468683712,1
2025-06-19 05:45:00+00:00,24811.80078125,24822.19921875,24791.25,24814.30078125,0.0,45.18206598436741,-22.90526026372754,-22.85605087983032,24838.212474131506,24871.22732496858,67.54690298157848,24794.55078125,-0.0006952336975490966,1
2025-06-19 06:45:00+00:00,24794.55078125,24813.75,24772.19921875,24811.849609375,0.0,43.277271743771216,-23.647240350921493,-23.01428877404856,24834.0542176666,24868.2204016855,65.69003714360859,24832.400390625,0.001526529345456923,2
2025-06-19 07:45:00+00:00,24832.400390625,24842.0,24780.55078125,24794.400390625,0.0,48.4159820637299,-20.93973750212899,-22.599378519664647,24833.896710329303,24866.8156953694,65.38712154406512,24791.75,-0.0016369899802496251,0
2025-06-19 08:45:00+00:00,24791.75,24849.849609375,24787.75,24833.30078125,0.0,43.82403003633266,-21.822611302908623,-22.444025076313444,24829.88273791699,24863.871942609818,65.15229924627475,24744.69921875,-0.0018978402593604728,0
2025-06-19 09:45:00+00:00,24744.69921875,24805.150390625,24734.0,24791.44921875,0.0,39.190841389812206,-26.018969493798068,-23.15901395981037,24821.770021805845,24859.198502458454,65.58073434475513,24919.05078125,0.0070460166421375285,2
2025-06-20 03:45:00+00:00,24919.05078125,24919.099609375,24787.44921875,24795.900390625,0.0,57.23392472678543,-15.101815290152445,-21.547574225878787,24831.034856038623,24861.54565064636,73.3535669362012,25016.55078125,0.003912669100275784,2
2025-06-20 04:45:00+00:00,25016.55078125,25039.55078125,24918.849609375,24918.849609375,0.0,63.71734627389834,1.40138888979709,-16.957781602743612,24848.703039392087,24867.624283219047,76.73553871754396,25040.099609375,0.0009413299351663594,2
2025-06-20 05:45:00+00:00,25040.099609375,25044.650390625,25002.900390625,25016.650390625,0.0,65.09378532911344,16.19381846651231,-10.327461588892428,24866.931284152364,24874.388021499675,74.23657166629083,25038.25,-7.386589525816052e-05,1
2025-06-20 06:45:00+00:00,25038.25,25047.44921875,24964.05078125,25039.75,0.0,64.88557536737252,27.451236692242677,-2.7717219326654075,24883.24735232833,24880.813981440864,74.89099065441292,25049.650390625,0.00045531898694996654,1
2025-06-20 07:45:00+00:00,25049.650390625,25077.55078125,25034.55078125,25038.900390625,0.0,65.61561697155568,36.86774952075211,5.156172358018097,24899.095260737537,24887.435017095144,72.61306275052628,25116.599609375,0.002672660803883163,2
2025-06-20 08:45:00+00:00,25116.599609375,25132.099609375,25031.400390625,25050.44921875,0.0,69.61124805251286,49.16589241179463,13.958116368773403,24919.80996060777,24896.421863851217,74.61921675048869,25079.75,-0.0014671416492718842,0
2025-06-20 09:45:00+00:00,25079.75,25134.55078125,25072.80078125,25116.05078125,0.0,65.12538018976815,55.3013244998001,22.226757994978744,24935.042345311795,24903.61120252372,73.69998698259664,24862.44921875,-0.008664391840030303,0
2025-06-23 03:45:00+00:00,24862.44921875,24985.55078125,24824.900390625,24939.75,0.0,46.213058349454336,42.14353718129132,26.21011383224126,24928.12871421067,24901.997007081613,86.63924572491116,24928.30078125,0.0026486353746009096,2
2025-06-23 04:45:00+00:00,24928.30078125,24939.05078125,24856.75,24863.099609375,0.0,50.86931467637286,36.60757731999547,28.289606529792103,24928.14510154775,24903.02852763724,86.32935540527465,24941.099609375,0.0005134256136152983,1
2025-06-23 05:45:00+00:00,24941.099609375,24968.80078125,24920.349609375,24928.55078125,0.0,51.74369999187802,32.87409560022934,29.20650434387955,24929.378864197966,24904.5215112348,83.6237708673979,24962.25,0.0008480135581933152,1
2025-06-23 06:45:00+00:00,24962.25,24964.150390625,24938.30078125,24941.900390625,0.0,53.22517746082166,31.261580164798943,29.61751950806343,24932.509448560064,24906.785373539315,79.49704504651233,25014.30078125,0.0020851798716061253,2
2025-06-23 07:45:00+00:00,25014.30078125,25056.55078125,24961.80078125,24963.55078125,0.0,56.74462619543401,33.79415512091873,30.452846630634493,24940.29909929244,24911.001664037773,80.5865418289043,24983.900390625,-0.0012153204237388582,0
2025-06-23 08:45:00+00:00,24983.900390625,25018.599609375,24972.5,25015.099609375,0.0,54.18048476162934,32.968145305960206,30.95590636569964,24944.451603228878,24913.860437629428,78.12318951076828,24958.19921875,-0.0010287093477463652,0
2025-06-23 09:45:00+00:00,24958.19921875,24986.0,24951.69921875,24979.69921875,0.0,52.03952262728681,29.8950453263642,30.74373415783256,24945.760899945173,24915.59921335965,74.99301749214199,25232.599609375,0.010994398603039237,2
2025-06-24 03:45:00+00:00,25232.599609375,25248.94921875,25119.05078125,25182.599609375,0.0,67.02255190236244,49.03615148535755,34.40221762333756,24973.078872271824,24928.030601438684,90.40423052841756,25256.400390625,0.0009432552181883384,2
2025-06-24 04:45:00+00:00,25256.400390625,25276.0,25167.099609375,25233.349609375,0.0,67.95759662865034,65.37256590923062,40.59628728051617,25000.061874019742,24940.90784807344,91.7253848210306,25308.75,0.002072726460039484,2
2025-06-24 05:45:00+00:00,25308.75,25316.5,25248.099609375,25256.400390625,0.0,69.97418413627176,81.6028017081735,48.79759016604764,25029.46074316072,24955.333030501937,90.0593138070284,25182.349609375,-0.004994335580579839,0
2025-06-24 06:45:00+00:00,25182.349609375,25311.099609375,25143.94921875,25307.44921875,0.0,60.1334448292613,83.3056299143791,55.69919811571394,25044.02158756208,24964.235641438136,95.56581929402635,25040.150390625,-0.005646781216041152,0
2025-06-24 07:45:00+00:00,25040.150390625,25202.099609375,25000.349609375,25183.349609375,0.0,51.37933759969884,72.34687524785113,59.02873354214138,25043.652902139504,24967.21269042585,103.15040363016736,25041.5,5.389781426813203e-05,1
2025-06-24 08:45:00+00:00,25041.5,25077.05078125,25015.5,25042.849609375,0.0,51.45157572658928,63.044151681504445,59.831817170014,25043.447863840505,24970.12591825229,100.17900203158396,25071.55078125,0.001200039184952978,2
2025-06-24 09:45:00+00:00,25071.55078125,25078.349609375,25038.849609375,25042.5,0.0,53.12170384352415,57.43445449497813,59.35234463500683,25046.12433216522,24974.10336386005,95.84478760075652,25173.05078125,0.004048413314580754,2
2025-06-25 03:45:00+00:00,25173.05078125,25208.599609375,25142.150390625,25150.349609375,0.0,58.33530510688757,60.48173499561744,59.57822270712896,25058.212565411388,24981.90522336553,98.7879333524882,25194.900390625,0.000867976216505095,2
2025-06-25 04:45:00+00:00,25194.900390625,25217.94921875,25172.650390625,25173.900390625,0.0,59.38253287812397,63.922943714118446,60.44716690852685,25071.23045352697,24990.257975022767,94.96728297909615,25194.25,-2.5814375723509895e-05,1
2025-06-25 05:45:00+00:00,25194.25,25220.25,25189.94921875,25195.349609375,0.0,59.3347252542148,65.8386978030976,61.52547308744101,25082.94660081012,24998.257662276777,90.34824714130356,25240.44921875,0.001833720739851355,2
2025-06-25 06:45:00+00:00,25240.44921875,25244.69921875,25180.30078125,25194.349609375,0.0,61.69385553976788,70.27475395198053,63.27532926034891,25097.946850137727,25007.75537037377,88.49468930978189,25245.25,0.00019020189412610432,1
2025-06-25 07:45:00+00:00,25245.25,25265.94921875,25224.30078125,25240.400390625,0.0,61.94094158829533,73.33241292672392,65.28674599362391,25111.97572155318,25017.068885261077,85.14852846622604,25248.599609375,0.00013268275715233558,1
2025-06-25 08:45:00+00:00,25248.599609375,25262.05078125,25215.75,25246.05078125,0.0,62.12451295333142,75.15952298041884,67.26130139098291,25124.98752039335,25026.14852150084,82.37368937935275,25238.349609375,-0.0004059631091854336,1
2025-06-25 09:45:00+00:00,25238.349609375,25249.650390625,25234.650390625,25248.80078125,0.0,61.15249240592034,74.91683686316173,68.79240848541868,25135.783909820177,25034.47013279002,77.56128299511327,25386.19921875,0.005858133026260957,2
2025-06-26 03:45:00+00:00,25386.19921875,25437.5,25260.400390625,25271.69921875,0.0,68.7482034697683,85.66721587399297,72.16736996313354,25159.632986861117,25048.263430278646,86.2462192543909,25337.75,-0.0019084865100332104,0
2025-06-26 04:45:00+00:00,25337.75,25395.80078125,25292.5,25385.900390625,0.0,64.31068960776123,89.24871798078311,75.58363956666346,25176.59651192196,25059.615844777523,87.46440225407726,25396.400390625,0.0023147434411105957,2
2025-06-26 05:45:00+00:00,25396.400390625,25400.55078125,25313.900390625,25337.849609375,0.0,67.0807963459997,95.71632238233724,79.61017612979822,25197.530214655584,25072.82308186958,87.40625856628603,25392.44921875,-0.00015557999615010648,1
2025-06-26 06:45:00+00:00,25392.44921875,25421.19921875,25351.30078125,25399.349609375,0.0,66.70516871567986,99.377556309395,83.56365216571758,25216.093929331244,25085.35744017862,86.15569991869417,25515.94921875,0.004863650565413224,2
2025-06-26 07:45:00+00:00,25515.94921875,25526.5,25389.30078125,25393.5,0.0,71.98556900184467,110.9653885165244,89.04399943587894,25244.651575942557,25102.243392279463,89.80166554950173,25542.099609375,0.0010248645034057282,2
2025-06-26 08:45:00+00:00,25542.099609375,25564.75,25480.349609375,25517.599609375,0.0,72.96334395871514,120.8656826487022,95.4083360784436,25272.979960078977,25119.49265569497,89.41586019775161,25530.400390625,-0.0004580366895799712,1
2025-06-26 09:45:00+00:00,25530.400390625,25559.5,25528.599609375,25541.05078125,0.0,71.75668966304613,126.31166564230443,101.58900199121578,25297.49619155955,25135.60668451576,85.23618379969791,25567.650390625,0.0014590448810069797,2
2025-06-27 03:45:00+00:00,25567.650390625,25620.94921875,25524.099609375,25553.44921875,0.0,73.27232068047037,132.11052222541548,107.69330603805572,25323.22516289912,25152.549574951416,86.06571419793377,25606.150390625,0.0015058090756011337,2
2025-06-27 04:45:00+00:00,25606.150390625,25610.25,25539.599609375,25568.099609375,0.0,74.7787986713864,138.21947798454494,113.79854042735356,25350.17042268253,25170.337842232733,84.96461965700993,25612.25,0.00023820876164318738,1
2025-06-27 05:45:00+00:00,25612.25,25617.80078125,25595.650390625,25607.349609375,0.0,75.01903392889137,141.91712466352328,119.42225727458752,25375.13038242705,25187.667730772628,80.47788901186637,25616.650390625,0.00017180804595457252,1
2025-06-27 06:45:00+00:00,25616.650390625,25649.150390625,25612.099609375,25612.44921875,0.0,75.20254068333496,143.54788043436565,124.24738190654315,25398.132287969715,25204.490580178604,77.37595274316163,25634.25,0.0006870378877263742,1
2025-06-27 07:45:00+00:00,25634.25,25639.349609375,25608.80078125,25617.349609375,0.0,75.96307398056496,144.593622251301,128.31662997549472,25420.61968911545,25221.34389075984,74.03115812757866,25633.0,-4.876288559251782e-05,1
2025-06-27 08:45:00+00:00,25633.0,25653.349609375,25611.25,25634.400390625,0.0,75.78529203991968,143.665429973953,131.38638997518638,25440.84638539017,25237.487267592784,71.75033321668019,25632.44921875,-2.148719424179768e-05,1
2025-06-27 09:45:00+00:00,25632.44921875,25649.94921875,25629.599609375,25632.599609375,0.0,75.7012218905829,141.2570639592377,133.3605247719967,25459.09427428159,25252.975971559736,68.07885294227447,25586.400390625,-0.0017965051927739909,0
2025-06-30 03:45:00+00:00,25586.400390625,25664.849609375,25543.80078125,25660.94921875,0.0,68.82676538378547,134.0869896077129,133.5058177391399,25471.218666314297,25266.05143897406,71.86242259818343,25547.849609375,-0.0015066902988090979,0
2025-06-30 04:45:00+00:00,25547.849609375,25600.0,25537.05078125,25586.69921875,0.0,63.61822194414194,123.86607712879412,131.57786961707075,25478.516851367694,25277.102347617238,71.22576518045604,25585.94921875,0.0014913039632509432,2
2025-06-30 05:45:00+00:00,25585.94921875,25589.80078125,25539.0,25547.650390625,0.0,66.3301151593329,117.4859455683436,128.75948480732532,25488.74850540411,25289.21398962244,69.76683775685203,25505.69921875,-0.0031364871130593374,0
2025-06-30 06:45:00+00:00,25505.69921875,25599.30078125,25499.25,25586.900390625,0.0,56.73691353142382,104.74668641906464,123.95692512967318,25490.3628590561,25297.70360645097,71.92997657779117,25489.650390625,-0.0006292251777674076,1
2025-06-30 07:45:00+00:00,25489.650390625,25518.80078125,25473.30078125,25506.25,0.0,55.023033880170885,92.29184254662324,117.6239086130632,25490.295004919804,25305.230931320544,70.04212110794894,25525.150390625,0.0013927221227426788,2
2025-06-30 08:45:00+00:00,25525.150390625,25526.650390625,25477.599609375,25490.900390625,0.0,58.042265017780096,84.31392392808266,110.9619116760671,25493.614565463155,25313.855223842285,68.54273968952403,25507.44921875,-0.0006934796310348625,1
2025-06-30 09:45:00+00:00,25507.44921875,25526.099609375,25505.349609375,25524.80078125,0.0,56.02283128089747,75.69051615511853,103.9076325718774,25494.932151490477,25321.447145211216,65.12897256884374,25531.30078125,0.0009350822301144564,2
2025-07-01 03:45:00+00:00,25531.30078125,25593.150390625,25513.80078125,25558.19921875,0.0,58.13642295055576,69.97440375572842,97.1209868086476,25498.39583051519,25329.67669956568,66.59841537642633,25524.099609375,-0.00028205268257575376,1
2025-07-01 04:45:00+00:00,25524.099609375,25554.25,25513.80078125,25530.650390625,0.0,57.241925550321525,64.1240865552827,90.52160675797464,25500.84380945422,25337.30112740134,64.73061561739588,25524.400390625,1.178420608770556e-05,1
2025-07-01 05:45:00+00:00,25524.400390625,25535.599609375,25502.69921875,25524.400390625,0.0,57.27149755147232,58.83373982780904,84.18403337194152,25503.087293375247,25344.63835341011,62.45702811793904,25531.19921875,0.00026636583116354735,1
2025-07-01 06:45:00+00:00,25531.19921875,25551.30078125,25522.44921875,25524.650390625,0.0,57.9789503319415,54.56076797064452,78.25938029168213,25505.76461960141,25351.954465776384,60.05663771665768,25551.849609375,0.0008088296381250453,1
2025-07-01 07:45:00+00:00,25551.849609375,25551.849609375,25509.19921875,25531.19921875,0.0,60.13778840354318,52.23854747177029,73.05521372769977,25510.153666246515,25359.793491015545,58.81333435296785,25537.25,-0.0005713719201620296,1
2025-07-01 08:45:00+00:00,25537.25,25552.19921875,25515.05078125,25552.099609375,0.0,57.87400758028789,48.65919166100503,68.17600931436083,25512.734269461136,25366.752569799253,57.26584172061301,25533.0,-0.00016642355774407972,1
2025-07-01 09:45:00+00:00,25533.0,25556.94921875,25527.0,25537.0,0.0,57.199001401587545,44.9613010211142,63.5330676557115,25514.664339036262,25373.27207686595,55.31465436556922,25525.80078125,-0.000281957417851408,1
2025-07-02 03:45:00+00:00,25525.80078125,25605.80078125,25513.30078125,25588.30078125,0.0,56.00734701543113,40.97741710357877,59.02193754528496,25515.72495258043,25379.25359468493,57.97075048231427,25476.25,-0.0019412037912008454,0
2025-07-02 04:45:00+00:00,25476.25,25528.150390625,25466.75,25526.099609375,0.0,48.51545068942724,33.43639254307345,53.90482854484266,25511.965433287056,25383.05737528552,58.2157247782204,25498.69921875,0.000881182228546195,2
2025-07-02 05:45:00+00:00,25498.69921875,25503.94921875,25463.69921875,25477.19921875,0.0,51.66973845837876,28.93796177580589,48.91145519103531,25510.70198428353,25387.592349539027,56.93245872263323,25463.650390625,-0.0013745339644317027,0
2025-07-02 06:45:00+00:00,25463.650390625,25501.349609375,25460.5,25499.5,0.0,46.8442866801918,22.287854950729525,43.58673514297416,25506.220880125573,25390.575017816907,55.783683769230855,25415.44921875,-0.0018929403732603207,0
2025-07-02 07:45:00+00:00,25415.44921875,25463.650390625,25384.150390625,25463.099609375,0.0,41.152291557832086,12.978556918820686,37.465099498143466,25497.575959994567,25391.55047667703,57.477706357142935,25459.900390625,0.0017489823411111136,2
2025-07-02 08:45:00+00:00,25459.900390625,25472.80078125,25379.400390625,25415.30078125,0.0,47.48906189513111,9.083005995886197,31.788680797692013,25493.9878105308,25394.230865459303,60.04361237627558,25444.75,-0.0005950687313206759,1
2025-07-02 09:45:00+00:00,25444.75,25459.900390625,25440.05078125,25459.55078125,0.0,45.68345720884092,4.71884797511666,26.374714233176945,25489.298495242158,25396.21200799031,57.17261216189876,25543.05078125,0.003863303088063353,2
2025-07-03 03:45:00+00:00,25543.05078125,25559.55078125,25429.900390625,25496.30078125,0.0,57.08484236634222,9.087517568812473,22.91727490030405,25494.417760576234,25401.9703912554,62.34959633783456,25554.19921875,0.0004364567723517022,1
2025-07-03 04:45:00+00:00,25554.19921875,25567.349609375,25526.44921875,25542.5,0.0,58.15755710331449,13.296036993295274,20.9930273189023,25500.11123278326,25407.940149196365,60.81751021548923,25503.94921875,-0.001966408713098309,0
2025-07-03 05:45:00+00:00,25503.94921875,25576.30078125,25484.849609375,25554.849609375,0.0,51.8646446799016,12.433241249018463,19.281070104925533,25500.476755256284,25411.70521074749,63.00562890545428,25507.55078125,0.00014121587480860425,1
2025-07-03 06:45:00+00:00,25507.55078125,25538.55078125,25486.44921875,25503.80078125,0.0,52.26333635514907,11.902876449381438,17.805431373816713,25501.15047201759,25415.463860571115,62.226767019350405,25492.099609375,-0.0006057489410687674,1
2025-07-03 07:45:00+00:00,25492.099609375,25587.150390625,25479.75,25506.900390625,0.0,50.33707115197487,10.11913104141422,16.268171307336214,25500.28848509925,25418.46918405362,65.45345441975395,25397.94921875,-0.003693316441866372,0
2025-07-03 08:45:00+00:00,25397.94921875,25495.150390625,25384.650390625,25491.75,0.0,40.533606594781176,1.095719506207388,13.233680947110448,25490.54188830408,25417.66447953191,68.67106481834296,25397.400390625,-2.1609151206382775e-05,1
2025-07-03 09:45:00+00:00,25397.400390625,25418.44921875,25388.650390625,25399.5,0.0,40.48411001924717,-6.0301729089114815,9.380910175906063,25481.6712694775,25416.869809378702,65.89447648310417,25410.25,0.0005059419144229898,1
2025-07-04 03:45:00+00:00,25410.25,25458.650390625,25370.55078125,25438.650390625,0.0,42.26182132668123,-10.519377068518224,5.400852727021205,25474.869243812976,25416.610209010916,67.48055740395388,25423.55078125,0.0005234415737743627,1
2025-07-04 04:45:00+00:00,25423.55078125,25426.849609375,25395.75,25409.599609375,0.0,44.12235819668191,-12.855649890792847,1.749552203458395,25469.98177118793,25416.882388314407,64.88191825902861,25352.900390625,-0.0027789348243639133,0
2025-07-04 05:45:00+00:00,25352.900390625,25424.94921875,25333.599609375,25424.05078125,0.0,37.25510457186983,-20.1754885348455,-2.6354559442023837,25458.83116351527,25414.3732903658,66.77246762445513,25370.69921875,0.0007020430739980209,1
2025-07-04 06:45:00+00:00,25370.69921875,25374.94921875,25345.44921875,25351.900390625,0.0,39.79726030496565,-24.260635217109662,-6.96049179878384,25450.4376449662,25412.660581674987,64.11014850842263,25384.30078125,0.0005361130327045887,1
2025-07-04 07:45:00+00:00,25384.30078125,25388.69921875,25358.44921875,25370.25,0.0,41.73983418147952,-26.099749310429612,-10.788343301112995,25444.138896040844,25411.548432638712,61.69156647210672,25462.80078125,0.0030924625687536633,2
2025-07-04 08:45:00+00:00,25462.80078125,25466.400390625,25373.5,25384.19921875,0.0,51.472181438239005,-20.981109362906864,-12.82689651347177,25445.916218441715,25413.55832866269,63.920768197313386,25467.80078125,0.00019636488707408187,1
2025-07-04 09:45:00+00:00,25467.80078125,25469.75,25449.30078125,25462.5,0.0,52.02194199321652,-16.332817559428804,-13.528080722663177,25448.00046251869,25415.68548366611,60.81565752250528,25436.099609375,-0.001244754980898828,0
2025-07-07 03:45:00+00:00,25436.099609375,25489.650390625,25408.19921875,25451.94921875,0.0,48.28684700499438,-15.033732933519786,-13.8292111648345,25446.867047933574,25416.48603761548,62.28962283339776,25457.69921875,0.0008491714416403299,1
2025-07-07 04:45:00+00:00,25457.69921875,25478.75,25427.44921875,25436.099609375,0.0,50.87490360345578,-12.121561234496768,-13.487681178766952,25447.898683249427,25418.102240797223,61.50470557744078,25430.25,-0.001078228574944558,0
2025-07-07 05:45:00+00:00,25430.25,25461.650390625,25425.19921875,25458.900390625,0.0,47.613731315296064,-11.891489048830408,-13.168442752779644,25446.21785627329,25418.578623511057,59.71516745583786,25448.80078125,0.0007294769516618988,1
2025-07-07 06:45:00+00:00,25448.80078125,25455.349609375,25417.150390625,25430.55078125,0.0,49.948809647635,-10.095883116482582,-12.553930825520233,25446.463849128217,25419.763806167488,58.178313976849445,25452.05078125,0.00012770739289194772,1
2025-07-07 07:45:00+00:00,25452.05078125,25467.80078125,25438.69921875,25447.599609375,0.0,50.36622377752386,-8.31475729351223,-11.706096119118634,25446.99593790172,25421.029962053075,56.10140315707448,25459.94921875,0.00031032617245202953,1
2025-07-07 08:45:00+00:00,25459.94921875,25466.599609375,25415.849609375,25453.599609375,0.0,51.42644175200624,-6.194458488695091,-10.603768593033926,25448.2295836968,25422.556207413734,55.71916007442631,25454.94921875,-0.00019638688031308978,1
2025-07-07 09:45:00+00:00,25454.94921875,25473.19921875,25453.349609375,25459.80078125,0.0,50.68830117117164,-4.861524000720237,-9.45531967457119,25448.86954893996,25423.826521583786,53.15704931018157,25448.19921875,-0.0002651743651889897,1
2025-07-08 03:45:00+00:00,25448.19921875,25494.69921875,25428.099609375,25441.05078125,0.0,49.65218273105449,-4.300261663978745,-8.424308072452702,25448.805707969485,25424.78231362952,54.11723217195431,25436.55078125,-0.00045773130742459523,1
2025-07-08 04:45:00+00:00,25436.55078125,25460.55078125,25431.05078125,25448.900390625,0.0,47.83501036513855,-4.740740469507728,-7.687594551863707,25447.63857209144,25425.24382216365,52.35885844538615,25449.900390625,0.0005248199525872971,1
2025-07-08 05:45:00+00:00,25449.900390625,25461.099609375,25432.30078125,25436.80078125,0.0,50.08943555134445,-3.9668933103712334,-6.943454303565213,25447.853983380348,25426.21074641704,50.67599913678714,25474.94921875,0.0009842407137368309,2
2025-07-08 06:45:00+00:00,25474.94921875,25480.25,25441.599609375,25450.0,0.0,54.098025285352286,-1.3171989243164717,-5.818203227715465,25450.43448198698,25428.12205905755,49.81702710023092,25460.599609375,-0.0005632831395180345,1
2025-07-08 07:45:00+00:00,25460.599609375,25478.80078125,25447.150390625,25474.44921875,0.0,51.54405937265288,-0.3709149090391292,-4.728745563980198,25451.40258935727,25429.395688481764,48.519410209143,25536.0,0.0029614538456209953,2
2025-07-08 08:45:00+00:00,25536.0,25538.900390625,25447.44921875,25460.80078125,0.0,61.75984049490832,6.389548627532349,-2.505086725677688,25459.45948560896,25433.57624971777,51.58596461384707,25523.099609375,-0.0005051844699639725,1
2025-07-08 09:45:00+00:00,25523.099609375,25547.400390625,25517.30078125,25536.19921875,0.0,59.45046908405989,10.58430173450688,0.1127909663592254,25465.52044977715,25437.08696970433,50.05122495392942,25527.75,0.0001822032079243167,1
2025-07-09 03:45:00+00:00,25527.75,25529.349609375,25472.05078125,25514.599609375,0.0,60.03067965846218,14.121141720203012,2.914461117127983,25471.4470736079,25440.642382657104,50.56891089472018,25534.099609375,0.00024873360852405716,1
2025-07-09 04:45:00+00:00,25534.099609375,25537.25,25515.75,25527.650390625,0.0,60.85429825743452,17.237767052636627,5.779122304229713,25477.413981776197,25444.30737194016,48.49256011652589,25538.25,0.00016254305765597306,1
2025-07-09 05:45:00+00:00,25538.25,25548.69921875,25503.25,25534.150390625,0.0,61.41399889625525,19.814211029020957,8.58614004918796,25483.2078882737,25447.99139656996,48.27517859034547,25524.599609375,-0.0005345076747623662,1
2025-07-09 06:45:00+00:00,25524.599609375,25545.94921875,25490.5,25537.94921875,0.0,58.45377167404162,20.518069467452733,10.972525932840917,25487.149956950016,25450.99564020937,48.7876100303208,25529.55078125,0.00019397647566551723,1
2025-07-09 07:45:00+00:00,25529.55078125,25537.80078125,25516.849609375,25525.400390625,0.0,59.22155024966685,21.230666633258807,13.024154072924496,25491.188130692877,25454.07623397568,46.79929301922646,25478.44921875,-0.002001663207389109,0
2025-07-09 08:45:00+00:00,25478.44921875,25533.19921875,25424.80078125,25530.30078125,0.0,49.12992052171165,17.470546416916477,13.913432541722893,25489.97490098403,25455.03203730016,51.19923191071029,25467.099609375,-0.0004454591909246831,1
2025-07-09 09:45:00+00:00,25467.099609375,25482.349609375,25464.400390625,25478.400390625,0.0,47.20590197460313,13.420106793946616,13.81476739216764,25487.79630178317,25455.505275420743,48.82423097065955,25412.80078125,-0.002132116690076926,0
2025-07-10 03:45:00+00:00,25412.80078125,25521.849609375,25402.900390625,25511.650390625,0.0,39.28030066577828,5.762219298245327,12.204257773383176,25480.653871256203,25453.830589374837,53.83315866918387,25398.05078125,-0.0005804161503868083,1
2025-07-10 04:45:00+00:00,25398.05078125,25427.55078125,25375.80078125,25413.05078125,0.0,37.44133551261407,-1.479854600645922,9.467435298577358,25472.78691030323,25451.64314591896,53.684361621385015,25368.69921875,-0.001155662013309646,0
2025-07-10 05:45:00+00:00,25368.69921875,25399.69921875,25357.400390625,25397.0,0.0,34.02742830501458,-9.4784148678591,5.678265265290067,25462.87379682197,25448.390442892727,52.87110922878609,25383.650390625,0.0005893550846292345,1
2025-07-10 06:45:00+00:00,25383.650390625,25410.75,25365.650390625,25368.25,0.0,37.17007538074956,-14.444390940545418,1.6537340241229694,25455.328710517497,25445.8516173136,52.3160020963728,25395.25,0.00045697168045160714,1
2025-07-10 07:45:00+00:00,25395.25,25431.05078125,25357.099609375,25382.25,0.0,39.57500107827999,-17.245179526664288,-2.1260486860344825,25449.606928563448,25443.867240164047,53.86137136627474,25362.150390625,-0.0013033779693052835,0
2025-07-10 08:45:00+00:00,25362.150390625,25416.599609375,25343.349609375,25393.94921875,0.0,35.40991315613692,-21.88342797559744,-6.077524543947075,25441.27773447407,25440.662657829183,55.24627341154083,25348.25,-0.0005480761848229641,1
2025-07-10 09:45:00+00:00,25348.25,25374.69921875,25345.55078125,25362.75,0.0,33.801038885155506,-26.376862588287626,-10.137392152815185,25432.417950238443,25437.03863203196,53.3821422750022,25256.75,-0.0036097166471058158,0
2025-07-11 03:45:00+00:00,25256.75,25322.400390625,25247.099609375,25255.5,0.0,25.566385111343934,-36.8959140644547,-15.489096535143087,25415.68766926336,25429.96848959933,56.79416001428776,25179.150390625,-0.0030724305136250706,0
2025-07-11 04:45:00+00:00,25179.150390625,25257.25,25149.849609375,25256.900390625,0.0,20.913124796016604,-50.90715213337171,-22.57270765478881,25393.16030939304,25420.13248571799,60.408890772195775,25166.5,-0.0005024153090451433,1
2025-07-11 05:45:00+00:00,25166.5,25180.80078125,25136.75,25179.05078125,0.0,20.265570858533792,-62.31362734111826,-30.520891592054703,25371.573613260367,25410.18611372905,59.24045437775322,25155.69921875,-0.0004291729580990603,1
2025-07-11 06:45:00+00:00,25155.69921875,25205.150390625,25140.5,25166.55078125,0.0,19.70457455530249,-71.40179841737336,-38.69707295711844,25351.014147116523,25400.206235494577,59.626878395413705,25168.400390625,0.0005049023588870502,1
2025-07-11 07:45:00+00:00,25168.400390625,25191.55078125,25144.0,25155.69921875,0.0,22.42414936639662,-76.69526576723365,-46.29671151914148,25333.622360783997,25391.11581020557,58.76430002788416,25150.150390625,-0.0007251156099216364,1
2025-07-11 08:45:00+00:00,25150.150390625,25175.80078125,25150.150390625,25168.30078125,0.0,21.307427585652263,-81.42438957960621,-53.32224713123443,25316.148839816477,25381.666185908296,56.399020784821,25140.55078125,-0.00038169192732057626,1
2025-07-11 09:45:00+00:00,25140.55078125,25153.599609375,25130.44921875,25149.80078125,0.0,20.722834671276843,-84.9674110969354,-59.65127992437462,25299.42521519109,25372.210679843265,54.02411863054807,25119.80078125,-0.0008253598014040128,1
2025-07-14 03:45:00+00:00,25119.80078125,25149.05078125,25042.099609375,25149.05078125,0.0,19.478796059839556,-88.43026372621898,-65.4070766847435,25282.31812624432,25362.31225244745,57.8046224337232,25063.94921875,-0.0022234078600531296,0
2025-07-14 04:45:00+00:00,25063.94921875,25127.05078125,25061.849609375,25120.75,0.0,16.591607927757707,-94.5909679089782,-71.24385492959044,25261.52108743534,25350.61174132206,58.3329473938144,25045.400390625,-0.0007400600744564178,1
2025-07-14 05:45:00+00:00,25045.400390625,25066.400390625,25019.80078125,25063.75,0.0,15.756324759834529,-99.81944929394012,-76.95897380246038,25240.938163929597,25338.642668745702,57.49485182104194,25026.349609375,-0.0007606498979002584,1
2025-07-14 06:45:00+00:00,25026.349609375,25060.94921875,25002.75,25046.44921875,0.0,14.925235912363917,-104.29801470331222,-82.42678198263074,25220.50115873392,25326.39588210372,57.54516374453895,25046.650390625,0.0008111762828724818,1
2025-07-14 07:45:00+00:00,25046.650390625,25058.55078125,25012.900390625,25027.25,0.0,19.7809666898451,-104.99884534081866,-86.94119465426833,25203.943942723545,25315.42547067318,56.69553709314331,25079.849609375,0.0013254953549567856,2
2025-07-14 08:45:00+00:00,25079.849609375,25108.5,25037.19921875,25046.849609375,0.0,27.10808190130888,-101.70299040905228,-89.89355380522512,25192.12543478559,25306.187201602665,57.73876881863307,25087.099609375,0.0002890766935576004,1
2025-07-14 09:45:00+00:00,25087.099609375,25092.69921875,25077.099609375,25080.0,0.0,28.640931672902795,-97.38341186810794,-91.39152541780167,25182.122975222675,25297.595531319224,54.72882885837356,25128.25,0.00164030084249445,2
2025-07-15 03:45:00+00:00,25128.25,25155.69921875,25089.25,25093.0,0.0,36.76872733991396,-89.60669197143216,-91.03455872852778,25176.99221567766,25290.95453009102,55.71959889527545,25221.400390625,0.0037069987215584055,2
2025-07-15 04:45:00+00:00,25221.400390625,25243.69921875,25100.80078125,25128.25,0.0,50.51023536288308,-75.06186098291073,-87.84001917940438,25181.221565672644,25288.22691677863,61.94665879561292,25205.94921875,-0.00061262148951663,1
2025-07-15 05:45:00+00:00,25205.94921875,25228.30078125,25199.55078125,25221.19921875,0.0,48.62266705748384,-64.04350442087161,-83.08071622769783,25183.57658025144,25285.000340385348,59.57546888164057,25204.19921875,-6.942805386191224e-05,1
2025-07-15 06:45:00+00:00,25204.19921875,25220.400390625,25173.099609375,25206.19921875,0.0,48.40204531687986,-54.82064951420034,-77.42870288499834,25185.540641060827,25281.831668948667,58.69870547938053,25184.849609375,-0.0007677137133801643,1
2025-07-15 07:45:00+00:00,25184.849609375,25207.44921875,25159.5,25204.75,0.0,45.92097286584252,-48.51358787633217,-71.6456798832651,25185.47482851932,25278.028450926173,57.93088499871049,25201.900390625,0.0006770253352496847,1
2025-07-15 08:45:00+00:00,25201.900390625,25202.849609375,25156.05078125,25185.0,0.0,48.429582820504834,-41.65912013581692,-65.64836793377546,25187.03916776748,25275.04303679672,57.135738079159744,25219.650390625,0.0007043119655612529,1
2025-07-15 09:45:00+00:00,25219.650390625,25225.05078125,25198.099609375,25201.94921875,0.0,50.97891232492822,-34.39810842874067,-59.398316032768506,25190.14499851581,25272.870776162534,54.97969763600548,25141.75,-0.003088876705997408,0
2025-07-16 03:45:00+00:00,25141.75,25213.349609375,25127.849609375,25213.349609375,0.0,41.32390435341274,-34.53155653227077,-54.42496413266896,25185.53595103812,25267.728784940475,57.609775037005086,25145.75,0.00015909791482295385,1
2025-07-16 04:45:00+00:00,25145.75,25156.80078125,25121.19921875,25141.30078125,0.0,41.93204446068273,-33.92349955888858,-50.324671217912886,25181.74681284401,25262.945303178105,56.03775985579044,25179.099609375,0.0013262523239513636,2
2025-07-16 05:45:00+00:00,25179.099609375,25210.0,25127.75,25145.80078125,0.0,46.87573019946807,-30.400141358270048,-46.33976524598432,25181.49469822791,25259.65723675445,57.91006272323398,25214.599609375,0.0014098995019973706,2
2025-07-16 06:45:00+00:00,25214.599609375,25233.400390625,25171.400390625,25179.150390625,0.0,51.599477483563,-24.461326342305256,-41.96407746524851,25184.647546908585,25257.890270974865,58.20220110014584,25243.75,0.001156091751469321,2
2025-07-16 07:45:00+00:00,25243.75,25255.30078125,25186.0,25214.75,0.0,55.127826190382166,-17.20425975467151,-37.01211392313311,25190.276351964912,25257.33575054448,58.99495682513542,25207.5,-0.0014359990096558554,0
2025-07-16 08:45:00+00:00,25207.5,25252.849609375,25207.25,25243.400390625,0.0,50.22455552660157,-14.214201775706895,-32.45253149364787,25191.916699396825,25255.381407385878,58.03814629298289,25198.55078125,-0.00035502206684518496,1
2025-07-16 09:45:00+00:00,25198.55078125,25215.650390625,25190.599609375,25209.19921875,0.0,49.064329341511865,-12.423476344600203,-28.44672046383834,25192.54851671617,25253.152755380543,55.68190593276982,25160.099609375,-0.0015259279078704458,0
2025-07-17 03:45:00+00:00,25160.099609375,25233.69921875,25159.69921875,25233.599609375,0.0,44.32630555766064,-13.946238206615815,-25.54662401239384,25189.458144588443,25249.503612399934,56.99034122328626,25178.900390625,0.0007472458989389124,1
2025-07-17 04:45:00+00:00,25178.900390625,25200.099609375,25144.0,25162.650390625,0.0,47.020271478795735,-13.480576338315586,-23.13341447757819,25188.45264421097,25246.734858604843,56.92671751983723,25184.30078125,0.00021448079706494082,1
2025-07-17 05:45:00+00:00,25184.30078125,25205.19921875,25167.099609375,25177.94921875,0.0,47.801599168543774,-12.531316347900429,-21.01299485164264,25188.05722869088,25244.286463414457,55.58192408092028,25167.099609375,-0.0006830116914663944,1
2025-07-17 06:45:00+00:00,25167.099609375,25210.44921875,25163.650390625,25184.05078125,0.0,45.49988530712911,-13.016960364268016,-19.41378795416772,25186.06126494651,25241.25952796193,54.95456008406883,25156.0,-0.0004410364939655296,1
2025-07-17 07:45:00+00:00,25156.0,25194.5,25149.25,25168.05078125,0.0,44.02669341589072,-14.134548186328177,-18.35794000059981,25183.19828733256,25237.916017061467,54.26137722092106,25120.599609375,-0.00140723448183336,0
2025-07-17 08:45:00+00:00,25120.599609375,25163.05078125,25102.30078125,25156.150390625,0.0,39.620587146446326,-17.67303649351379,-18.22095929918261,25177.23650847946,25233.315373622783,54.72485027656956,25109.5,-0.0004418528835934963,1
2025-07-17 09:45:00+00:00,25109.5,25121.900390625,25106.25,25120.099609375,0.0,38.32546521543606,-21.129393191524287,-18.802646077650948,25170.7854124338,25228.459868774837,51.933817444314585,25013.19921875,-0.003835232929767618,0
2025-07-18 03:45:00+00:00,25013.19921875,25144.19921875,25004.80078125,25108.55078125,0.0,29.358738403390262,-31.278687761856418,-21.297854414492043,25155.77720351153,25220.018274656213,58.18129030543497,24957.400390625,-0.0022307753453293957,0
2025-07-18 04:45:00+00:00,24957.400390625,25013.30078125,24925.599609375,25013.30078125,0.0,25.618643785415543,-43.3251505632652,-25.70331364424668,25136.884173712817,25209.719534105967,60.28985327468961,24933.599609375,-0.0009536562653753205,0
2025-07-18 05:45:00+00:00,24933.599609375,24976.55078125,24920.650390625,24958.400390625,0.0,24.20234936608757,-54.16816635567011,-31.396284186531364,25117.523739013977,25198.89130176357,59.976320228283214,24949.900390625,0.0006537676671390411,1
2025-07-18 06:45:00+00:00,24949.900390625,24991.19921875,24919.0,24933.400390625,0.0,27.17194956125969,-60.74575838555393,-37.26617902633588,25101.559610595978,25189.126952307164,60.84938440840584,24970.099609375,0.0008095911580308319,1
2025-07-18 07:45:00+00:00,24970.099609375,24994.25,24935.55078125,24949.25,0.0,30.790374547493315,-63.595549410270905,-42.53205310312288,25089.039610479696,25180.5376447412,60.69580114709113,24970.69921875,2.4013095036868703e-05,1
2025-07-18 08:45:00+00:00,24970.69921875,25005.19921875,24952.94921875,24969.349609375,0.0,30.900127613189767,-65.05572397338983,-47.03678727717627,25077.76909698163,25172.308686859196,60.09252963658462,24965.55078125,-0.0002061791484050291,1
2025-07-18 09:45:00+00:00,24965.55078125,24978.400390625,24963.30078125,24971.0,0.0,30.45356737701917,-65.869061178415,-50.80324205742402,25067.08163834052,25164.200533698047,56.878749617900006,25052.55078125,0.0034848019481845374,2
2025-07-21 03:45:00+00:00,25052.55078125,25070.75,24882.5,25031.19921875,0.0,44.93532691732919,-58.81547567035159,-52.40568878000954,25065.69774718904,25159.82211203342,66.26241035947858,25065.69921875,0.0005248342819382944,1
2025-07-21 04:45:00+00:00,25065.69921875,25079.30078125,25035.44921875,25052.30078125,0.0,46.74035642949176,-51.570022201980464,-52.23855546440373,25065.697887337705,25156.13101817917,64.66163551237297,25044.75,-0.0008357723663391472,1
2025-07-21 05:45:00+00:00,25044.75,25071.30078125,25000.099609375,25065.55078125,0.0,44.25140362660219,-46.97685505779009,-51.186215383081006,25063.7028504484,25151.76313511332,65.1287452525606,25047.94921875,0.00012774009522953912,1
2025-07-21 06:45:00+00:00,25047.94921875,25059.19921875,25010.0,25044.44921875,0.0,44.73538934255509,-42.58766272194043,-49.4665048508529,25062.202504572364,25147.69200113829,63.990921930949135,25024.900390625,-0.0009201882327255147,0
2025-07-21 07:45:00+00:00,25024.900390625,25053.099609375,24988.099609375,25044.900390625,0.0,41.91226909277336,-40.502160283915146,-47.67363593746535,25058.649922291665,25142.87664386326,64.06299893588134,25088.099609375,0.002525453358994233,2
2025-07-21 08:45:00+00:00,25088.099609375,25090.55078125,25000.0,25024.900390625,0.0,51.036533405542976,-33.36512342752394,-44.81193343547707,25061.45465439484,25140.72852486372,65.95498338688982,25093.30078125,0.00020731629561357488,1
2025-07-21 09:45:00+00:00,25093.30078125,25111.349609375,25084.25,25089.849609375,0.0,51.70882151283924,-26.97829026023828,-41.24520480042932,25064.48761885724,25138.86861334946,63.1795995288977,25111.05078125,0.0007073601099646087,1
2025-07-22 03:45:00+00:00,25111.05078125,25171.44921875,25086.099609375,25169.94921875,0.0,54.02863213222859,-20.250961821366214,-37.0463562046167,25068.922205751787,25137.77771797301,64.76317166076214,25072.0,-0.0015551233435105217,0
2025-07-22 04:45:00+00:00,25072.0,25123.80078125,25055.849609375,25111.30078125,0.0,48.50771078001424,-17.864644747362036,-33.21001391316577,25069.21532901352,25135.19819962113,64.99088596177913,25075.099609375,0.0001236283254227824,1
2025-07-22 05:45:00+00:00,25075.099609375,25087.599609375,25035.75,25072.30078125,0.0,48.95358743727378,-15.544175126731716,-29.67684615587896,25069.775736667,25132.84139216049,64.05222334843776,25092.19921875,0.000681935850360764,1
2025-07-22 06:45:00+00:00,25092.19921875,25119.69921875,25071.099609375,25075.599609375,0.0,51.45114461149325,-12.184930372659435,-26.17846299923505,25071.91130638919,25131.247581438514,62.94846520747792,25086.44921875,-0.0002291548839490859,1
2025-07-22 07:45:00+00:00,25086.44921875,25107.650390625,25073.5,25092.349609375,0.0,50.55540020670213,-9.872873310378054,-22.917345061463656,25073.29586947117,25129.490782901717,60.89145988015808,25058.5,-0.0011141161710964786,0
2025-07-22 08:45:00+00:00,25058.5,25089.55078125,25044.849609375,25086.5,0.0,46.332941175579045,-10.17848852300449,-20.369573753771824,25071.886739045345,25126.70683063106,59.7350107369325,25064.900390625,0.0002554179470040106,1
2025-07-22 09:45:00+00:00,25064.900390625,25071.05078125,25054.94921875,25059.55078125,0.0,47.416051209361584,-9.791363998443558,-18.25393180270617,25071.22137252912,25124.28304867004,56.61833586286589,25109.30078125,0.0017714169987927434,2
2025-07-23 03:45:00+00:00,25109.30078125,25145.400390625,25085.900390625,25142.94921875,0.0,54.30562725669632,-5.834567309702834,-15.770058904105504,25074.847982883493,25123.695508771216,58.32416901551833,25127.849609375,0.0007387234031961202,1
2025-07-23 04:45:00+00:00,25127.849609375,25142.30078125,25095.94921875,25108.94921875,0.0,56.84919093326991,-1.188343531521241,-12.853715829588651,25079.895756835067,25123.85841467725,57.46898283583845,25151.849609375,0.0009551155539806236,2
2025-07-23 05:45:00+00:00,25151.849609375,25162.650390625,25102.80078125,25128.05078125,0.0,59.95521826676199,4.379932574251143,-9.406986148820693,25086.748504696014,25124.956108586965,57.639027588635706,25159.19921875,0.00029220949906843174,1
2025-07-23 06:45:00+00:00,25159.19921875,25188.5,25150.400390625,25150.94921875,0.0,60.88378026565675,9.2789219226579,-5.669804534524975,25093.648572701157,25126.298975652186,56.243354859090296,25208.05078125,0.001941697828903599,2
2025-07-23 07:45:00+00:00,25208.05078125,25208.05078125,25139.94921875,25159.599609375,0.0,66.45215537467203,16.908409481409763,-1.1541617313380272,25104.544021134378,25129.504928812883,57.09036969058384,25229.349609375,0.0008449216605372075,1
2025-07-23 08:45:00+00:00,25229.349609375,25233.400390625,25192.0,25208.150390625,0.0,68.55399247500614,24.392291613123238,3.9551289375542256,25116.430267633485,25133.420406481982,55.969656900184994,25209.19921875,-0.0007986884694606751,1
2025-07-23 09:45:00+00:00,25209.19921875,25230.5,25205.80078125,25228.849609375,0.0,64.4405439016931,28.370318628134555,8.838166875670293,25125.265405835056,25136.392124610145,53.73605417517178,25158.44921875,-0.002013153990320064,0
2025-07-24 03:45:00+00:00,25158.44921875,25242.849609375,25155.150390625,25241.0,0.0,55.4209935518794,27.115264937576285,12.493586488051491,25128.425768969813,25137.257108694062,56.16199450194522,25148.44921875,-0.0003974807792424358,1
2025-07-24 04:45:00+00:00,25148.44921875,25182.900390625,25146.849609375,25158.55078125,0.0,53.82240239735594,25.02523409810965,14.999916010063124,25130.332764186973,25137.696014970767,54.725479269663424,25049.44921875,-0.0039366244470529135,0
2025-07-24 05:45:00+00:00,25049.44921875,25148.69921875,25019.30078125,25147.94921875,0.0,41.16351740597489,15.205121798262551,15.040957167703011,25122.62956938345,25134.235356295445,60.05926200040175,25066.19921875,0.0006686773770443742,1
2025-07-24 06:45:00+00:00,25066.19921875,25091.19921875,25030.650390625,25049.599609375,0.0,43.581313365801975,8.67420621520796,13.767606977204002,25117.255250275502,25131.567272470136,60.09423100930162,25091.349609375,0.0010033587623522525,2
2025-07-24 07:45:00+00:00,25091.349609375,25101.599609375,25050.44921875,25066.099609375,0.0,47.09667889078011,5.464839626321918,12.107053507027588,25114.788046380218,25129.990109211503,59.4553852675658,25069.0,-0.0008907296627300354,0
2025-07-24 08:45:00+00:00,25069.0,25103.25,25046.900390625,25091.0,0.0,44.44638608687901,1.1052264270329033,9.90668809102865,25110.42728005829,25127.598340222816,59.23354413238253,25051.900390625,-0.0006821017741034744,1
2025-07-24 09:45:00+00:00,25051.900390625,25069.599609375,25046.30078125,25068.80078125,0.0,42.47688090019842,-3.687091516017972,7.187932169619326,25104.853290588453,25124.629793179767,56.666778703283775,24903.30078125,-0.005931670135117151,0
2025-07-25 03:45:00+00:00,24903.30078125,25010.349609375,24903.30078125,25010.349609375,0.0,30.02530614338352,-19.253838327345875,1.899578070226286,25085.6578135086,25115.950224084485,63.23340946554922,24868.5,-0.0013974364906760447,0
2025-07-25 04:45:00+00:00,24868.5,24903.30078125,24844.44921875,24903.19921875,0.0,27.95831478427725,-34.00672121852767,-5.281681787524506,25064.97611698397,25106.246293728236,62.92042039658143,24844.150390625,-0.0009791346231175985,0
2025-07-25 05:45:00+00:00,24844.150390625,24916.849609375,24831.349609375,24868.900390625,0.0,26.579561026238423,-47.12012569915533,-13.649370569850667,25043.945095425974,25095.9680230183,64.53324751111133,24857.55078125,0.0005393780996454067,1
2025-07-25 06:45:00+00:00,24857.55078125,24886.599609375,24812.75,24844.400390625,0.0,28.664491716143672,-55.788202029289096,-22.077136861738357,25026.193255980645,25086.61832726268,65.19870192996052,24839.349609375,-0.0007322190361863449,1
2025-07-25 07:45:00+00:00,24839.349609375,24880.05078125,24807.55078125,24857.55078125,0.0,27.52132250098872,-63.39561227193553,-30.340831943777797,25008.398622970584,25076.9215147965,65.72022322067762,24844.400390625,0.0002033379025388695,1
2025-07-25 08:45:00+00:00,24844.400390625,24854.349609375,24808.400390625,24839.150390625,0.0,28.374963031003418,-68.2304655273183,-37.9187586604859,24992.77974369957,25067.8030393388,64.30800861562922,24832.19921875,-0.0004911034954823903,1
2025-07-25 09:45:00+00:00,24832.19921875,24845.400390625,24823.05078125,24844.400390625,0.0,27.531393982450467,-72.21421366299546,-44.77784966098781,24977.486360371047,25058.56367382551,61.31098009844142,24844.25,0.00048528852172307154,1
2025-07-28 03:45:00+00:00,24844.25,24853.099609375,24733.400390625,24790.5,0.0,29.752724379028805,-73.55111396971552,-50.53250252273335,24964.79718319285,25050.15921602843,65.48156857355275,24807.55078125,-0.0014771715286233233,0
2025-07-28 04:45:00+00:00,24807.55078125,24888.0,24775.400390625,24844.099609375,0.0,27.034940207915355,-76.68792665766159,-55.763587349719,24949.821335388773,25040.64515976261,68.84714291651326,24782.80078125,-0.0009976801103116757,0
2025-07-28 05:45:00+00:00,24782.80078125,24824.599609375,24778.94921875,24807.400390625,0.0,25.3529633288244,-80.24596592419766,-60.66006306461475,24933.914615946986,25030.53361550721,67.19023203854803,24707.599609375,-0.003034409731925666,0
2025-07-28 06:45:00+00:00,24707.599609375,24798.349609375,24701.05078125,24782.55078125,0.0,21.064679253736383,-88.11807346579735,-66.15166514485126,24912.360805797274,25017.86953683537,69.34084604472318,24675.05078125,-0.0013173609998378692,0
2025-07-28 07:45:00+00:00,24675.05078125,24714.099609375,24646.75,24707.44921875,0.0,19.525292321140768,-95.87797223381858,-72.09692656264474,24889.759851078485,25004.425664067312,69.19861485402866,24679.75,0.0001904441369405743,1
2025-07-28 08:45:00+00:00,24679.75,24705.849609375,24670.19921875,24676.900390625,0.0,20.42940084064726,-100.49017208359146,-77.77557566683409,24869.75891288053,24991.69328508428,66.80231312338375,24673.94921875,-0.00023504213981097863,1
2025-07-28 09:45:00+00:00,24673.94921875,24687.849609375,24669.599609375,24679.75,0.0,20.128776568166657,-103.42127221280316,-82.9047149760279,24851.110370582388,24979.232733463326,63.33429075742777,24664.55078125,-0.000380905278546088,1
2025-07-29 03:45:00+00:00,24664.55078125,24726.94921875,24608.30078125,24619.599609375,0.0,19.624893715829955,-105.28886109224186,-87.3815441992707,24833.34279064597,24966.89226474908,67.28530123904008,24658.599609375,-0.00024128442183200363,1
2025-07-29 04:45:00+00:00,24658.599609375,24670.900390625,24614.30078125,24665.150390625,0.0,19.295511598647124,-106.02693604943852,-91.11062256930428,24816.70058290588,24954.8023566952,66.5220375344658,24695.05078125,0.0014782336569162493,2
2025-07-29 05:45:00+00:00,24695.05078125,24705.44921875,24658.650390625,24658.650390625,0.0,27.3397223738788,-102.48912994268905,-93.38632404398123,24805.11488751008,24944.616020403228,65.11686409450395,24734.69921875,0.0016055216023327043,2
2025-07-29 06:45:00+00:00,24734.69921875,24737.75,24683.69921875,24695.05078125,0.0,34.93639076275787,-95.38653891953436,-93.78636701909188,24798.408633342457,24936.38398896585,64.32642960561081,24798.349609375,0.0025733238177705503,2
2025-07-29 07:45:00+00:00,24798.349609375,24810.0,24727.19921875,24734.69921875,0.0,44.896517070911386,-83.65728072994898,-91.76054976126328,24798.403012012222,24930.97087604072,65.64602615163861,24813.44921875,0.0006088957375329366,1
2025-07-29 08:45:00+00:00,24813.44921875,24827.94921875,24771.69921875,24799.150390625,0.0,46.97044656187939,-72.30980441212523,-87.87040069143568,24799.835984082485,24926.362183597947,64.97488142652156,24830.400390625,0.0006831445207621938,1
2025-07-29 09:45:00+00:00,24830.400390625,24846.349609375,24813.5,24814.150390625,0.0,49.27839764879942,-61.24305792338055,-82.54493213782466,24802.74687994368,24922.598976030386,62.68384636927002,24843.05078125,0.0005094718742343075,1
2025-07-30 03:45:00+00:00,24843.05078125,24880.19921875,24813.94921875,24862.75,0.0,50.99258893470145,-50.86545549147559,-76.20903680855484,24806.585346734755,24919.47943898017,62.93857162860788,24846.5,0.0001388403856020476,1
2025-07-30 04:45:00+00:00,24846.5,24858.75,24773.05078125,24843.44921875,0.0,51.47413856900511,-41.8800406318187,-69.34323757320762,24810.386742283827,24916.61750019664,64.56433213727874,24851.849609375,0.00021530635602599963,1
2025-07-30 05:45:00+00:00,24851.849609375,24902.30078125,24840.900390625,24847.30078125,0.0,52.25769218975199,-33.93617079867545,-62.26182421830119,24814.335586768702,24914.077582909515,64.33833631497312,24849.55078125,-9.250128908444707e-05,1
2025-07-30 06:45:00+00:00,24849.55078125,24875.0,24832.650390625,24851.849609375,0.0,51.870094108941295,-27.50898646873611,-55.311256668388175,24817.68941481454,24911.547120099334,62.7677129621179,24859.94921875,0.0004184557536487157,1
2025-07-30 07:45:00+00:00,24859.94921875,24874.900390625,24831.599609375,24849.900390625,0.0,53.54842691914647,-21.330445481249622,-48.51509443096048,24821.71415804649,24909.5236729876,61.37721783982376,24858.150390625,-7.235847946315508e-05,1
2025-07-30 08:45:00+00:00,24858.150390625,24890.69921875,24850.44921875,24860.150390625,0.0,53.20280295069593,-16.390122501237784,-42.09010004501594,24825.18427543492,24907.509034463576,59.86813085126492,24844.55078125,-0.0005470885468666629,1
2025-07-30 09:45:00+00:00,24844.55078125,24860.44921875,24840.75,24859.5,0.0,50.54654609254708,-13.417586184976244,-36.355597273008,24827.02870456016,24905.04008335716,56.99892284403171,24673.599609375,-0.0068808316713061925,0
2025-07-31 03:45:00+00:00,24673.599609375,24728.55078125,24639.55078125,24654.599609375,0.0,30.16130043563,-24.57289952055362,-33.99905772251712,24812.416409780624,24895.96398633825,67.57042835517231,24747.150390625,0.002980950587447062,2
2025-07-31 04:45:00+00:00,24747.150390625,24776.19921875,24662.599609375,24673.19921875,0.0,41.15692100208399,-27.16548554392284,-32.63234328679827,24806.200598432468,24890.12815905538,70.85822699944572,24819.349609375,0.0029174760572575394,2
2025-07-31 05:45:00+00:00,24819.349609375,24821.80078125,24742.05078125,24746.94921875,0.0,49.55320420936072,-23.12765388936168,-30.73140540731095,24807.452885188897,24887.35252965615,71.49335364234246,24900.150390625,0.003255555948149389,2
2025-07-31 06:45:00+00:00,24900.150390625,24927.94921875,24819.25,24819.69921875,0.0,56.955655134853934,-13.254901195457933,-27.23610456494035,24816.281219039956,24887.85440655689,74.15091543574657,24924.69921875,0.0009858907572800333,2
2025-07-31 07:45:00+00:00,24924.69921875,24955.80078125,24890.099609375,24900.44921875,0.0,58.92758766060095,-3.4104744629621564,-22.470978544544717,24826.606742821863,24889.2993011527,73.54736232426467,24762.44921875,-0.006509607140131299,0
2025-07-31 08:45:00+00:00,24762.44921875,24926.099609375,24752.5,24924.44921875,0.0,44.43767166741591,-8.60175865302881,-19.69713456624153,24820.496502434067,24884.324788117297,80.69395139931719,24765.599609375,0.00012722451632993315,1
2025-07-31 09:45:00+00:00,24765.599609375,24766.599609375,24747.55078125,24762.30078125,0.0,44.72189826103588,-12.319665149196226,-18.221640682832472,24815.268226904635,24879.66889875485,76.29072830829453,24745.650390625,-0.0008055213305818058,1
2025-08-01 03:45:00+00:00,24745.650390625,24759.19921875,24672.30078125,24736.400390625,0.0,43.21439291981873,-16.683550479250698,-17.91402264211612,24808.637956782768,24874.413270985056,77.50559258091634,24710.25,-0.001430570224107409,0
2025-08-01 04:45:00+00:00,24710.25,24784.099609375,24707.099609375,24745.599609375,0.0,40.59909126740567,-22.73638581072737,-18.87849527583837,24799.26767518441,24867.97549565231,77.46947882513662,24654.05078125,-0.002274328214000263,0
2025-08-01 05:45:00+00:00,24654.05078125,24718.0,24644.650390625,24710.849609375,0.0,36.79231467484233,-31.702660163755358,-21.443328253421768,24785.437494809703,24859.586291165942,77.17520243584114,24655.400390625,5.4741891585070086e-05,1
2025-08-01 06:45:00+00:00,24655.400390625,24697.69921875,24611.150390625,24654.94921875,0.0,36.94521963928685,-38.25857396411448,-24.80637739556031,24773.053008696872,24851.57900094865,77.84474712792392,24651.75,-0.0001480564325529278,1
2025-08-01 07:45:00+00:00,24651.75,24692.650390625,24615.599609375,24656.099609375,0.0,36.686710199870426,-43.25017777250105,-28.49513747094846,24761.50034120193,24843.742569538903,77.78803527950079,24545.650390625,-0.004303938234608091,0
2025-08-01 08:45:00+00:00,24545.650390625,24659.69921875,24535.349609375,24651.44921875,0.0,30.09532965421268,-55.13188546115271,-33.82248706898931,24740.943203051746,24832.05268016973,81.11386200060788,24572.150390625,0.0010796210154660007,2
2025-08-01 09:45:00+00:00,24572.150390625,24575.19921875,24539.900390625,24544.30078125,0.0,33.31783807494709,-61.6986719925917,-39.39772405370979,24724.86769710634,24821.86043352092,77.8413595809216,24624.30078125,0.002122337271909947,2
2025-08-04 03:45:00+00:00,24624.30078125,24669.75,24555.349609375,24600.400390625,0.0,39.25270752478296,-61.98032632499599,-43.91424450796703,24715.28989559621,24814.11299617697,80.45271894121291,24664.349609375,0.0016263945311898926,2
2025-08-04 04:45:00+00:00,24664.349609375,24669.5,24603.55078125,24623.69921875,0.0,43.41756426479809,-58.299888856654434,-46.79137337770451,24710.438439765618,24808.23992218473,79.41675464184057,24676.80078125,0.000504824658756348,1
2025-08-04 05:45:00+00:00,24676.80078125,24684.400390625,24632.55078125,24664.5,0.0,44.68727072263788,-53.75871315374752,-48.18484133291312,24707.234853240323,24803.085446069643,77.44767283706624,24698.75,0.0008894677614238196,2
2025-08-04 06:45:00+00:00,24698.75,24722.0,24667.30078125,24676.75,0.0,46.947343113523885,-47.83724222521778,-48.11532151137405,24706.42677197934,24798.993859949267,75.82278325941866,24719.44921875,0.0008380674629282858,1
2025-08-04 07:45:00+00:00,24719.44921875,24734.30078125,24644.099609375,24698.650390625,0.0,49.06115308506927,-41.00153966326252,-46.69256514175175,24707.66700500512,24795.87446225518,76.84981101767447,24719.25,-8.059190487500433e-06,1
2025-08-04 08:45:00+00:00,24719.25,24734.349609375,24689.099609375,24721.099609375,0.0,49.04090060651093,-35.194570323685184,-44.39296617813844,24708.770147385585,24792.869581382427,74.59268165926915,24726.900390625,0.0003094912113029319,1
2025-08-04 09:45:00+00:00,24726.900390625,24735.80078125,24718.55078125,24719.5,0.0,49.8962600559619,-29.633585175026383,-41.44108997751603,24710.49683721791,24790.282554293903,70.4967758264642,24618.69921875,-0.0043758485764767985,0
2025-08-05 03:45:00+00:00,24618.69921875,24720.400390625,24593.19921875,24720.25,0.0,39.737131346581656,-33.57041581867088,-39.866955145747,24701.754206887632,24783.55379603728,75.01137554421676,24633.599609375,0.00060524686916243,1
2025-08-05 04:45:00+00:00,24633.599609375,24644.69921875,24596.849609375,24618.75,0.0,41.50345015233864,-35.083623300801264,-38.91028877675785,24695.26329283881,24777.673239697586,73.07124938927271,24658.69921875,0.0010189176479692252,2
2025-08-05 05:45:00+00:00,24658.69921875,24668.69921875,24615.69921875,24635.0,0.0,44.45673081438146,-33.86712330616501,-37.90165568263929,24691.781000068448,24773.007591817288,71.63758871861037,24626.599609375,-0.0013017559884339752,0
2025-08-05 06:45:00+00:00,24626.599609375,24665.05078125,24617.0,24658.099609375,0.0,41.56648215224476,-35.088727496338834,-37.3390700453792,24685.573248573837,24767.26610230975,69.95281675656678,24611.650390625,-0.000607035440829153,1
2025-08-05 07:45:00+00:00,24611.650390625,24629.30078125,24592.349609375,24628.80078125,0.0,40.25395096424944,-36.83848352856148,-37.238952742015655,24678.532976388236,24761.163525380936,67.59555640788344,24666.650390625,0.002234714012553601,2
2025-08-05 08:45:00+00:00,24666.650390625,24671.150390625,24592.650390625,24612.25,0.0,46.897636774347006,-33.402098841233965,-36.471581961859314,24677.40130155364,24757.457127939528,68.37444523589177,24648.849609375,-0.0007216537700946012,1
2025-08-05 09:45:00+00:00,24648.849609375,24669.30078125,24646.400390625,24667.5,0.0,45.14779998013272,-31.749129298837943,-35.527091429255044,24674.68209277472,24753.19800956445,65.12629847797093,24605.400390625,-0.0017627280558145978,0
2025-08-06 03:45:00+00:00,24605.400390625,24671.30078125,24579.80078125,24652.0,0.0,41.11527237316606,-33.558288796408306,-35.1333309026857,24668.083835427125,24747.402024508003,67.01013430097301,24561.099609375,-0.0018004495170450148,0
2025-08-06 04:45:00+00:00,24561.099609375,24649.44921875,24544.55078125,24605.849609375,0.0,37.44307233736608,-38.12725626548127,-35.73211597524482,24657.8948615174,24740.096047443963,69.71644167233208,24587.94921875,0.001093176193330997,2
2025-08-06 05:45:00+00:00,24587.94921875,24600.099609375,24550.30078125,24561.55078125,0.0,40.888974350237135,-39.13058380518123,-36.4118095412321,24651.233371730028,24734.12950514224,68.29375499037978,24618.099609375,0.0012262263256184154,2
2025-08-06 06:45:00+00:00,24618.099609375,24633.599609375,24583.25,24587.900390625,0.0,44.58069031149185,-37.06557469035397,-36.54256257105648,24648.077775315265,24729.579313151367,67.01203030356695,24583.80078125,-0.0013932362233167019,0
2025-08-06 07:45:00+00:00,24583.80078125,24628.80078125,24578.44921875,24617.400390625,0.0,41.412154418584095,-37.76137919793837,-36.78632589643286,24641.956156832857,24723.862507978767,65.82199688902645,24576.349609375,-0.00030309275369181277,1
2025-08-06 08:45:00+00:00,24576.349609375,24601.25,24539.849609375,24583.599609375,0.0,40.73481312453627,-38.47059154920498,-37.12317902698728,24635.707914217823,24718.07768842568,65.50616787016742,24569.599609375,-0.00027465429599134265,1
2025-08-06 09:45:00+00:00,24569.599609375,24585.75,24563.400390625,24577.599609375,0.0,40.09502802006156,-39.12629249051679,-37.52380171969318,24629.41188518517,24712.25501865899,62.42355654908403,24476.05078125,-0.0038075031588754365,0
2025-08-07 03:45:00+00:00,24476.05078125,24542.69921875,24466.55078125,24466.55078125,0.0,32.48096336911658,-46.656719203903776,-39.3503852165353,24614.80606576277,24702.99210738805,65.32536166164945,24411.599609375,-0.002633234113257076,0
2025-08-07 04:45:00+00:00,24411.599609375,24486.650390625,24388.55078125,24476.94921875,0.0,28.46966031414217,-57.1663296935476,-42.91357411193776,24595.45306991632,24691.564950603224,67.66637935546021,24442.30078125,0.0012576468714163886,2
2025-08-07 05:45:00+00:00,24442.30078125,24449.69921875,24410.30078125,24410.94921875,0.0,32.73131566356568,-62.29979052938143,-46.7908173954265,24580.867137662382,24681.789885138394,65.64724065149876,24403.150390625,-0.001601747354939383,0
2025-08-07 06:45:00+00:00,24403.150390625,24452.5,24398.69921875,24440.19921875,0.0,30.25581670808253,-68.73487174088586,-51.17962826451838,24563.941733182637,24670.86284613787,64.80106497996313,24427.599609375,0.0010018878037727744,2
2025-08-07 07:45:00+00:00,24427.599609375,24442.75,24344.5,24402.94921875,0.0,33.63159736247634,-71.04293362464887,-55.15228933654448,24550.95676901048,24661.323111362854,67.19027462425147,24592.0,0.006730108289555607,2
2025-08-07 08:45:00+00:00,24592.0,24601.30078125,24426.599609375,24427.349609375,0.0,50.85644353044345,-58.92707706064539,-55.90724688136466,24554.865648152336,24658.60455797608,74.86962442787636,24626.650390625,0.0014090106792859468,2
2025-08-07 09:45:00+00:00,24626.650390625,24633.80078125,24590.05078125,24592.25,0.0,53.59040112924352,-45.99892947989429,-53.92558340107059,24561.70229029259,24657.35145337407,72.64679411159948,24449.599609375,-0.007189397601445652,0
2025-08-08 03:45:00+00:00,24449.599609375,24585.30078125,24437.55078125,24544.25,0.0,41.03005323903989,-49.46954364620251,-53.034375450096974,24551.025844490912,24649.20432223685,80.96485234469951,24440.80078125,-0.00035987616425530995,1
2025-08-08 04:45:00+00:00,24440.80078125,24481.25,24409.0,24449.30078125,0.0,40.521759655719954,-52.32683113523672,-52.89286658712493,24540.52821942035,24641.03163435501,80.34236289150668,24423.099609375,-0.0007242468048992743,1
2025-08-08 05:45:00+00:00,24423.099609375,24452.75,24403.05078125,24441.05078125,0.0,39.46260313405019,-55.38118882025447,-53.39053103375084,24529.34454227317,24632.48528043423,78.15356688139907,24435.94921875,0.0005261252494776534,1
2025-08-08 06:45:00+00:00,24435.94921875,24481.349609375,24411.599609375,24423.05078125,0.0,40.67482869992926,-56.1180393775212,-53.93603270250492,24520.44974955668,24624.777983897595,77.55331210415628,24413.25,-0.0009289272353120874,0
2025-08-08 07:45:00+00:00,24413.25,24463.5,24388.25,24435.94921875,0.0,39.18219207342257,-57.86658601780073,-54.72214336556408,24510.2402495989,24616.482768842787,77.38878981100227,24344.44921875,-0.002818173788823692,0
2025-08-08 08:45:00+00:00,24344.44921875,24434.849609375,24337.94921875,24413.05078125,0.0,34.99087680175235,-64.0654631032885,-56.59080731310897,24494.45062761329,24605.814786486208,78.78247558343068,24349.19921875,0.0001951163469470309,1
