Price,Close,High,Low,Open,Volume,rsi,macd,macd_signal,ema_20,ema_50,atr,future_close,return_pct,target
2025-05-08 03:45:00+00:00,24391.849609375,24445.25,24373.849609375,24431.5,0.0,51.06173014484087,3.965601344083552,4.234211754267759,24387.262660736465,24367.38768459447,74.62019019291026,24399.599609375,0.00031772908262853877,1
2025-05-08 04:45:00+00:00,24399.599609375,24412.30078125,24384.349609375,24391.55078125,0.0,52.06343093087106,4.555805425032304,4.298530488420668,24388.437608225853,24368.65089733096,71.2866888844881,24403.55078125,0.00016193593084543284,1
2025-05-08 05:45:00+00:00,24403.55078125,24415.80078125,24396.69921875,24398.05078125,0.0,52.59616659169968,5.281491217228904,4.495122634182316,24389.87695803768,24370.019520229747,67.55917985702466,24385.0,-0.0007601672976316683,1
2025-05-08 06:45:00+00:00,24385.0,24411.19921875,24381.05078125,24403.400390625,0.0,49.79797485899902,4.310026126018784,4.4581033325496096,24389.41248584361,24370.606990024666,64.88698397438004,24317.5,-0.0027680951404551978,0
2025-05-08 07:45:00+00:00,24317.5,24386.69921875,24314.400390625,24385.94921875,0.0,41.20735718891061,-1.8848257388999627,3.1895175182596955,24382.56367766803,24368.524362964872,65.41640141371003,24308.44921875,-0.0003721920941708646,1
2025-05-08 08:45:00+00:00,24308.44921875,24357.30078125,24244.400390625,24316.94921875,0.0,40.20581655220382,-7.43886230555654,1.0638415534964485,24375.505157771076,24366.16847495645,68.80811492880217,24153.19921875,-0.006386668215767955,0
2025-05-08 09:45:00+00:00,24153.19921875,24310.900390625,24151.44921875,24309.150390625,0.0,27.747726974284376,-24.090157481077767,-3.9669582534183943,24354.33316357859,24357.81673941894,75.28261899638771,24060.650390625,-0.003831742010108327,0
2025-05-09 03:45:00+00:00,24060.650390625,24163.650390625,23949.19921875,23960.25,0.0,23.143863642119115,-44.24432480541873,-12.022431563818463,24326.36337567825,24346.163157113297,85.22322991628859,24012.849609375,-0.0019866786838241544,0
2025-05-09 04:45:00+00:00,24012.849609375,24086.75,23976.650390625,24061.19921875,0.0,21.18843222713204,-63.34358574551516,-22.2866624001578,24296.504921744607,24333.092037594142,87.0001141633394,24049.69921875,0.001534578776548591,2
2025-05-09 05:45:00+00:00,24049.69921875,24121.30078125,23999.44921875,24012.30078125,0.0,26.35422677509108,-74.64595997071228,-32.7585219142687,24272.999616697503,24321.978593717908,89.48950333024372,24009.25,-0.001681901232197713,0
2025-05-09 06:45:00+00:00,24009.25,24054.55078125,23992.80078125,24049.849609375,0.0,24.45905423307427,-85.87714856628736,-43.38224724467243,24247.88060558345,24309.7147272976,87.50811023522631,24005.05078125,-0.0001749000385268178,1
2025-05-09 07:45:00+00:00,24005.05078125,24024.69921875,23961.69921875,24008.80078125,0.0,24.263978372508603,-94.03283629995713,-53.51236505572937,24224.75395564693,24297.767121570243,85.75753093271014,24000.55078125,-0.00018746054907390095,1
2025-05-09 08:45:00+00:00,24000.55078125,24032.75,23960.94921875,24004.599609375,0.0,24.04268140071925,-99.7099952217759,-62.75189108893868,24203.40127237104,24286.111578812583,84.76062024108798,24038.650390625,0.0015874472932831457,2
2025-05-09 09:45:00+00:00,24038.650390625,24046.900390625,23997.349609375,23999.30078125,0.0,29.874228724943578,-99.9823304357742,-70.19797895830578,24187.710712204746,24276.407218491506,82.24563174172455,24682.650390625,0.02679018952957351,2
2025-05-12 03:45:00+00:00,24682.650390625,24737.19921875,24386.599609375,24401.0,0.0,70.7509467865589,-47.68307933066899,-65.69499903277843,24234.847824435245,24292.338323281056,126.26728862624422,24702.849609375,0.0008183569604693707,1
2025-05-12 04:45:00+00:00,24702.849609375,24723.55078125,24669.099609375,24682.30078125,0.0,71.31572206598563,-4.553151990989136,-53.46662962442057,24279.41942300093,24308.436805088662,121.13756600115536,24721.30078125,0.0007469248352626322,1
2025-05-12 05:45:00+00:00,24721.30078125,24745.44921875,24698.55078125,24703.19921875,0.0,71.8504216252839,30.76187774939899,-36.620928149656656,24321.5033618818,24324.62754925185,115.83477110821568,24789.150390625,0.0027445808768469374,2
2025-05-12 06:45:00+00:00,24789.150390625,24806.55078125,24690.349609375,24723.30078125,0.0,73.78557055742023,63.492290085891,-16.598284502547127,24366.04117414305,24342.844131266484,115.86094259155745,24866.19921875,0.003108167359948692,2
2025-05-12 07:45:00+00:00,24866.19921875,24866.30078125,24789.0,24789.150390625,0.0,75.81852936669276,94.55856193686486,5.633084785335271,24413.675273629437,24363.36786018741,113.10664535287476,24907.44921875,0.001658878368870142,2
2025-05-12 08:45:00+00:00,24907.44921875,24930.349609375,24854.75,24866.25,0.0,76.85347278970386,121.11124145615396,28.72871611949901,24460.701363640917,24384.70438405261,110.42757135445514,24920.25,0.0005139338491700604,1
2025-05-12 09:45:00+00:00,24920.25,24944.19921875,24904.75,24906.05078125,0.0,77.17987206125362,141.55558270111214,51.29408943582163,24504.467900437012,24405.70617291329,105.35768902556548,24771.94921875,-0.005951014987811118,0
2025-05-13 03:45:00+00:00,24771.94921875,24971.55078125,24676.849609375,24864.05078125,0.0,65.63270859971192,144.12979818987878,69.86123118663306,24529.94231170492,24420.068645299045,118.8822235148108,24724.55078125,-0.0019133915172135066,0
2025-05-13 04:45:00+00:00,24724.55078125,24837.80078125,24636.55078125,24770.849609375,0.0,62.41838880169757,140.72305692678128,84.03359633466272,24548.476451661594,24432.00912121869,124.76563612089572,24757.599609375,0.0013366806304146387,2
2025-05-13 05:45:00+00:00,24757.599609375,24817.900390625,24693.900390625,24724.55078125,0.0,63.75140863958039,139.08664983972267,95.0442070356747,24568.3929428724,24444.77737565619,124.71094782654605,24633.150390625,-0.005026707787247461,0
2025-05-13 06:45:00+00:00,24633.150390625,24772.0,24597.900390625,24755.44921875,0.0,55.73451313971159,126.29195846279616,101.293757321099,24574.560318848835,24452.16455271379,128.23870936572135,24591.55078125,-0.0016887652904856284,0
2025-05-13 07:45:00+00:00,24591.55078125,24637.0,24577.75,24630.80078125,0.0,53.32075107834509,111.50991565650838,103.33698898818088,24576.17845812513,24457.63067932305,123.31094441102697,24559.44921875,-0.0013053899197148664,0
2025-05-13 08:45:00+00:00,24559.44921875,24636.849609375,24559.44921875,24590.44921875,0.0,51.46836207114534,96.09696641333358,101.88898447321144,24574.585197232263,24461.62356322215,120.03161914059648,24592.25,0.001335566647193298,2
2025-05-13 09:45:00+00:00,24592.25,24594.30078125,24548.05078125,24560.0,0.0,53.2553061277528,85.54275834345754,98.61973924726064,24576.26755940062,24466.74616858599,114.76150348769671,24758.150390625,0.0067460435960516015,2
2025-05-14 03:45:00+00:00,24758.150390625,24758.25,24587.30078125,24618.75,0.0,61.064102553001554,89.53316485317555,96.80242436844364,24593.589733802943,24478.173785136536,118.7749117207184,24700.94921875,-0.0023103976255294087,0
2025-05-14 04:45:00+00:00,24700.94921875,24767.19921875,24683.44921875,24757.400390625,0.0,57.49759103031946,87.07617430690516,94.85717435613596,24603.814446655044,24486.91007665079,116.27313231209564,24677.099609375,-0.0009655341243686391,0
2025-05-14 05:45:00+00:00,24677.099609375,24724.900390625,24633.05078125,24699.650390625,0.0,56.02823967489681,82.25632769735603,92.33700502437998,24610.793985961707,24494.3684896988,114.52859495944595,24636.05078125,-0.001663438117719688,0
2025-05-14 06:45:00+00:00,24636.05078125,24679.650390625,24535.900390625,24677.25,0.0,53.49434778401123,74.26815015913235,88.72323405133045,24613.199395036783,24499.924657994925,116.6158381766284,24615.0,-0.0008544706063855545,0
2025-05-14 07:45:00+00:00,24615.0,24660.94921875,24596.75,24636.44921875,0.0,52.19079929563985,65.48398121711944,84.07538348448824,24613.37088122376,24504.43741650493,112.87179393186922,24669.55078125,0.002216160115783059,2
2025-05-14 08:45:00+00:00,24669.55078125,24675.19921875,24577.69921875,24614.55078125,0.0,55.23501338909396,62.2071706503848,79.70174091766755,24618.72134789292,24510.9124504165,111.77380865102144,24685.75,0.0006566483067990097,1
2025-05-14 09:45:00+00:00,24685.75,24696.75,24651.30078125,24669.94921875,0.0,56.12837081194078,60.22320066903558,75.80603286794116,24625.10502904598,24517.76882490997,107.0363379438056,24561.69921875,-0.0050251979887181875,0
2025-05-15 03:45:00+00:00,24561.69921875,24699.55078125,24494.94921875,24699.55078125,0.0,48.19623687868029,48.08671513471927,70.26216932129678,24619.06638044636,24519.49158545272,114.00528255496236,24617.25,0.002261683149657392,2
2025-05-15 04:45:00+00:00,24617.25,24806.44921875,24533.19921875,24562.19921875,0.0,51.50153720350468,42.46147722168098,64.70203090137362,24618.893391832426,24523.32524876829,125.37990522960789,24661.05078125,0.0017792719028323636,2
2025-05-15 05:45:00+00:00,24661.05078125,24707.900390625,24601.150390625,24617.25,0.0,53.994064117031634,41.06442747816982,59.97451021673286,24622.908381300764,24528.726250042087,124.04919771320732,24886.30078125,0.009133836266671145,2
2025-05-15 06:45:00+00:00,24886.30078125,24887.55078125,24626.30078125,24662.05078125,0.0,64.18738220667231,57.47056312096538,59.47372079757937,24647.99337177212,24542.74878067769,133.84925501940683,25091.0,0.00822537750987185,2
2025-05-15 07:45:00+00:00,25091.0,25104.5,24848.80078125,24887.150390625,0.0,70.56914496729765,85.99872031266204,64.7787207005959,24690.184479222396,24564.24882849425,142.55282385730635,25056.400390625,-0.0013789649426089036,0
2025-05-15 08:45:00+00:00,25056.400390625,25114.80078125,25040.0,25091.5,0.0,68.35199298824449,104.60971542367406,72.74491964521152,24725.06218507026,24583.54888975428,137.71339224249874,25035.30078125,-0.0008420846189420945,1
2025-05-15 09:45:00+00:00,25035.30078125,25063.44921875,25035.30078125,25055.19921875,0.0,66.97017779665717,116.3156861682146,81.45907294981214,24754.60871803976,24601.264650205096,129.88732404660598,25005.150390625,-0.0012043150944517874,0
2025-05-16 03:45:00+00:00,25005.150390625,25069.55078125,24976.25,25061.80078125,0.0,64.9495869296733,121.75633651743192,89.51852566333609,24778.469829714544,24617.10330669215,127.27399956113412,24975.44921875,-0.001187802169193737,0
2025-05-16 04:45:00+00:00,24975.44921875,25040.849609375,24953.150390625,25005.650390625,0.0,62.93514165820248,122.26209346178076,96.06723922302504,24797.229771527444,24631.156087557167,124.44722950319598,24976.05078125,2.4086153355287185e-05,1
2025-05-16 05:45:00+00:00,24976.05078125,24997.900390625,24958.69921875,24975.150390625,0.0,62.96019926414122,121.31302946134748,101.11639727068952,24814.26034388197,24644.68136966277,118.35822538689628,25006.80078125,0.001231179431420944,2
2025-05-16 06:45:00+00:00,25006.80078125,25018.5,24968.80078125,24974.650390625,0.0,64.28920187793261,121.63996758680514,105.22111133391266,24832.597528393213,24658.88213090149,113.45401062711797,25019.94921875,0.00052579446747377,1
2025-05-16 07:45:00+00:00,25019.94921875,25034.80078125,24994.44921875,25006.75,0.0,64.86963681162446,121.55878343909352,108.48864575494883,24850.44054652243,24673.04162454261,108.23240718946668,25024.19921875,0.0001698644534743916,1
2025-05-16 08:45:00+00:00,25024.19921875,25034.5,24992.349609375,25019.599609375,0.0,65.06728181227831,120.44892368303772,110.88070134056662,24866.988991496484,24686.81251058996,103.51226314914764,25013.099609375,-0.00044355502759438326,1
2025-05-16 09:45:00+00:00,25013.099609375,25025.599609375,25002.69921875,25025.44921875,0.0,64.05371825424474,117.32129920968146,112.1688209143896,24880.90428843729,24699.60808309133,97.75427225456566,25040.849609375,0.0011094186819453275,2
2025-05-19 03:45:00+00:00,25040.849609375,25056.55078125,24967.94921875,25005.349609375,0.0,65.50062175341603,115.74756152588816,112.88456903668931,24896.137176145647,24712.990103729902,97.10050727209668,25027.05078125,-0.0005510527134763782,1
2025-05-19 04:45:00+00:00,25027.05078125,25062.94921875,24999.44921875,25040.19921875,0.0,64.11854191428479,112.09475441293034,112.72660611193754,24908.60513853653,24725.306208730697,94.70047103837553,24987.5,-0.0015803212929759597,0
2025-05-19 05:45:00+00:00,24987.5,25043.099609375,24979.099609375,25026.55078125,0.0,60.19782018651659,104.80038732257526,111.1413623540651,24916.11893486639,24735.58831819224,92.50758024992012,24980.55078125,-0.00027810780390195096,1
2025-05-19 06:45:00+00:00,24980.55078125,25018.599609375,24972.25,24987.400390625,0.0,59.50927469591821,97.33676731078594,108.38044334540928,24922.25530118864,24745.194689292544,89.21058233028296,24940.349609375,-0.0016092988592218854,0
2025-05-19 07:45:00+00:00,24940.349609375,25006.099609375,24919.30078125,24980.44921875,0.0,55.55078526976219,87.17301977521493,104.1389586313704,24923.978568634964,24752.847823413424,89.03831417276275,24945.650390625,0.00021253836987142525,1
2025-05-19 08:45:00+00:00,24945.650390625,24960.55078125,24916.650390625,24940.19921875,0.0,55.966707226522296,78.6393993296806,99.03904677103246,24926.04255168164,24760.408708402112,85.814176776494,24935.349609375,-0.0004129289510876497,1
2025-05-19 09:45:00+00:00,24935.349609375,24951.650390625,24927.44921875,24945.349609375,0.0,54.89180191780334,70.23562413070613,93.2783622429672,24926.92893812862,24767.26913589125,81.41324785495871,24899.400390625,-0.0014416970009710267,0
2025-05-20 03:45:00+00:00,24899.400390625,25007.650390625,24864.05078125,25000.94921875,0.0,51.196224044486975,59.98331985366531,86.61935376510684,24924.307171699704,24772.450753723948,85.85513082067595,24920.75,0.0008574346787498726,2
2025-05-20 04:45:00+00:00,24920.75,24967.25,24879.0,24899.5,0.0,53.21089786025767,52.97041987331977,79.88956698674943,24923.968393442592,24778.26641044065,86.02619290491339,24859.19921875,-0.002469860708445773,0
2025-05-20 05:45:00+00:00,24859.19921875,24921.05078125,24844.80078125,24921.05078125,0.0,47.16575673790087,41.96229722634598,72.30411303466875,24917.79990061473,24781.44024606063,85.32789341170529,24790.69921875,-0.002755519170075841,0
2025-05-20 06:45:00+00:00,24790.69921875,24876.19921875,24781.400390625,24862.0,0.0,41.51332803449955,27.39510942912966,63.32231231356093,24905.69507377047,24781.80334302884,86.00438874836921,24738.349609375,-0.0021116632860200373,0
2025-05-20 07:45:00+00:00,24738.349609375,24795.099609375,24728.349609375,24790.44921875,0.0,37.78639723125587,11.493838362315728,52.95661752331189,24889.757410494716,24780.09927504241,84.62907526634284,24693.099609375,-0.00182914384809453,0
2025-05-20 08:45:00+00:00,24693.099609375,24745.599609375,24670.0,24737.099609375,0.0,34.87211326869382,-4.705092967662495,41.42427542511702,24871.02809610236,24776.687523447614,83.98411341696121,24713.849609375,0.0008403157290193751,1
2025-05-20 09:45:00+00:00,24713.849609375,24713.849609375,24672.05078125,24692.849609375,0.0,37.26164980588013,-15.6876734345351,30.001885653186594,24856.05871641404,24774.2232915232,80.97087875324969,24869.25,0.0062879880342903,2
2025-05-21 03:45:00+00:00,24869.25,24869.650390625,24692.650390625,24744.25,0.0,51.58756318018507,-11.716870007621765,21.658134521024923,24857.31502913651,24777.949829110523,87.83010169944615,24896.69921875,0.0011037413170883721,2
2025-05-21 04:45:00+00:00,24896.69921875,24945.400390625,24858.05078125,24869.19921875,0.0,53.60287771476747,-6.282634829753079,16.069980650869322,24861.065904337796,24782.606667919918,87.79578081912857,24733.650390625,-0.006549013854905151,0
2025-05-21 05:45:00+00:00,24733.650390625,24914.400390625,24727.099609375,24896.94921875,0.0,42.330579193556,-14.960190311994666,9.863946458296525,24848.931093508003,24780.68681390835,94.90328084990507,24799.69921875,0.002670403562833371,2
2025-05-21 06:45:00+00:00,24799.69921875,24808.5,24685.94921875,24733.44921875,0.0,47.17657517159231,-16.319506006777374,4.627255965281745,24844.24234353105,24781.432398411944,96.87810230705472,24798.69921875,-4.032306969448817e-05,1
2025-05-21 07:45:00+00:00,24798.69921875,24839.349609375,24740.80078125,24800.05078125,0.0,47.11202627688741,-17.278291739079577,0.2461464244094804,24839.904903075712,24782.10952862128,96.9974398654794,24809.69921875,0.0004435716528100406,1
2025-05-21 08:45:00+00:00,24809.69921875,24829.849609375,24780.650390625,24799.19921875,0.0,47.955582284758414,-16.955080654824997,-3.194098991437415,24837.028171235168,24783.19147725378,93.58328121437371,24800.400390625,-0.00037480616121183705,1
2025-05-21 09:45:00+00:00,24800.400390625,24819.94921875,24794.849609375,24809.400390625,0.0,47.26921651380439,-17.250419163970946,-6.0053630259441215,24833.539811177056,24783.86633660167,88.69159036870417,24606.05078125,-0.007836551277957095,0
2025-05-22 03:45:00+00:00,24606.05078125,24732.349609375,24542.099609375,24732.349609375,0.0,35.751811578964336,-32.78889630317644,-11.362069681390588,24811.87418927924,24776.893177568272,100.806532574511,24594.599609375,-0.0004653803235960921,1
2025-05-22 04:45:00+00:00,24594.599609375,24628.599609375,24571.150390625,24606.44921875,0.0,35.20748174309284,-45.50273801419462,-18.1902033479514,24791.181372145507,24769.744410188145,97.70958158704592,24572.80078125,-0.0008863257979890307,0
2025-05-22 05:45:00+00:00,24572.80078125,24607.5,24543.05078125,24594.650390625,0.0,34.14182171942214,-56.68411324488625,-25.888985327338368,24770.383220631647,24762.021130621943,95.3338413843998,24539.650390625,-0.0013490684647675586,0
2025-05-22 06:45:00+00:00,24539.650390625,24574.650390625,24509.349609375,24572.75,0.0,32.52932461156274,-67.44295276899356,-34.19977881566941,24748.40866539292,24753.300709445597,93.18862280337125,24529.80078125,-0.0004013752933808256,1
2025-05-22 07:45:00+00:00,24529.80078125,24556.599609375,24515.05078125,24540.44921875,0.0,32.04505379354194,-75.88938616088126,-42.53770028471178,24727.58886690312,24744.5360063791,89.50006604063044,24606.25,0.003116585390633746,2
2025-05-22 08:45:00+00:00,24606.25,24639.849609375,24464.150390625,24529.30078125,0.0,39.565396898853145,-75.54361269400397,-49.13888276657022,24716.03278434092,24739.113025736784,95.65714837701398,24637.0,0.0012496824993649988,2
2025-05-22 09:45:00+00:00,24637.0,24647.150390625,24597.5,24606.349609375,0.0,42.32994225931557,-71.9588202319901,-53.702870259654205,24708.50585249893,24735.10859335495,92.37095139472729,24818.099609375,0.0073507167826845805,2
2025-05-23 03:45:00+00:00,24818.099609375,24826.349609375,24614.650390625,24643.849609375,0.0,55.29909114598895,-53.88348612805203,-53.738993433333775,24718.943353153794,24738.3631430028,100.89439906296104,24890.099609375,0.0029011085108548,2
2025-05-23 04:45:00+00:00,24890.099609375,24908.849609375,24748.55078125,24817.44921875,0.0,59.2251196744684,-33.36425301382042,-49.66404534943111,24735.243948984385,24744.313592664454,105.13757256739238,24834.75,-0.002223760058965463,0
2025-05-23 05:45:00+00:00,24834.75,24903.400390625,24804.30078125,24890.80078125,0.0,55.210662722462885,-21.323064820175205,-43.995849243579926,24744.72071574778,24747.86011844232,104.7062894822215,24877.44921875,0.0017193335447306698,2
2025-05-23 06:45:00+00:00,24877.44921875,24902.0,24828.849609375,24834.69921875,0.0,57.59843443274893,-8.239882092162588,-36.84465581329646,24757.361525557517,24752.94204394458,102.45229670670568,24869.099609375,-0.00033562964199347834,1
2025-05-23 07:45:00+00:00,24869.099609375,24898.400390625,24838.05078125,24876.69921875,0.0,56.95897755425517,1.43831083112309,-29.188062484412555,24768.003247825844,24757.49724258891,99.44496189729811,24850.75,-0.0007378477573865472,1
2025-05-23 08:45:00+00:00,24850.75,24884.150390625,24819.30078125,24868.849609375,0.0,55.50068625032832,7.540763104851067,-21.84229736655983,24775.88389089005,24761.15421346778,96.97386528856252,24845.150390625,-0.00022532959266822932,1
2025-05-23 09:45:00+00:00,24845.150390625,24862.099609375,24842.900390625,24850.5,0.0,55.03760497587189,11.789259573099116,-15.11598597862804,24782.480700388616,24764.44818119944,91.41853339295092,25044.150390625,0.008009611407910419,2
2025-05-26 03:45:00+00:00,25044.150390625,25079.05078125,24908.5,24919.5,0.0,65.92026579204409,30.858147010352692,-5.921159380831893,24807.40162326827,24775.41689529456,101.59580890952586,24972.75,-0.0028509807484516604,0
2025-05-26 04:45:00+00:00,24972.75,25048.25,24910.5,25043.900390625,0.0,60.28247535401881,39.7507410835824,3.2132207120509646,24823.14908771891,24783.155448420264,104.178251130274,24989.80078125,0.0006827754752680422,1
2025-05-26 05:45:00+00:00,24989.80078125,25024.400390625,24954.099609375,24972.75,0.0,61.137250489722845,47.62504957589772,12.095586484820316,24839.02067757901,24791.25918696261,101.75843185311156,24981.900390625,-0.0003161446021181454,1
2025-05-26 06:45:00+00:00,24981.900390625,25013.80078125,24939.44921875,24987.80078125,0.0,60.48768101583912,52.6214133923786,20.200751866331977,24852.62826929768,24798.73531259643,99.80079832788932,25001.0,0.0007645378884853589,1
2025-05-26 07:45:00+00:00,25001.0,25013.349609375,24967.849609375,24980.599609375,0.0,61.55124253782816,57.459884784006135,27.65257844986681,24866.75891031695,24806.66726112206,95.92216987589724,25004.44921875,0.00013796323147074118,1
2025-05-26 08:45:00+00:00,25004.44921875,25019.650390625,24969.25,24999.599609375,0.0,61.75147098144063,60.87104779985384,34.296272319864215,24879.872273024856,24814.42341632316,92.67061421511885,24996.349609375,-0.00032392672616545274,1
2025-05-26 09:45:00+00:00,24996.349609375,25006.80078125,24992.599609375,25002.900390625,0.0,60.94880168078575,62.20380157666296,39.877778171223966,24890.965352677253,24821.557776834998,87.0656540479675,24777.099609375,-0.008771280744039892,0
2025-05-27 03:45:00+00:00,24777.099609375,24969.55078125,24737.75,24957.75,0.0,44.20033321042341,45.04907816445484,40.912038169870144,24880.120996172274,24819.814319287543,99.31807942846982,24877.650390625,0.004058214352577178,2
2025-05-27 04:45:00+00:00,24877.650390625,24960.19921875,24751.349609375,24776.900390625,0.0,50.86841927139675,39.11653293363997,40.55293712262411,24879.885700405863,24822.08240051646,107.14176013893623,24957.44921875,0.0032076513204426947,2
2025-05-27 05:45:00+00:00,24957.44921875,25062.400390625,24880.650390625,24880.650390625,0.0,55.42136149244918,40.38847343874659,40.52004438584861,24887.272702152924,24827.39090319229,112.68520584329794,24829.849609375,-0.005112686326899831,0
2025-05-27 06:45:00+00:00,24829.849609375,24962.75,24800.80078125,24957.400390625,0.0,47.7944851636255,30.745854300992505,38.56520636887739,24881.803836174076,24827.48732304259,116.20406390806237,24767.599609375,-0.0025070631107043146,0
2025-05-27 07:45:00+00:00,24767.599609375,24871.849609375,24744.55078125,24830.0,0.0,44.57189341106451,17.874903645479208,34.42714582419775,24870.92724314559,24825.138785251707,116.99654706641503,24831.80078125,0.002592143481304448,2
2025-05-27 08:45:00+00:00,24831.80078125,24842.69921875,24706.05078125,24768.25,0.0,48.43362751768435,12.70858389519708,30.083433438397616,24867.200913441247,24825.400039996737,118.40025352595684,24837.69921875,0.00023753563231120126,1
2025-05-27 09:45:00+00:00,24837.69921875,24843.30078125,24816.55078125,24832.599609375,0.0,48.78665957070199,8.986600941043434,25.864066938926783,24864.39122823256,24825.88236073216,111.85380684553137,24760.5,-0.003108146937044887,0
2025-05-28 03:45:00+00:00,24760.5,24863.150390625,24743.349609375,24844.400390625,0.0,44.49325023934466,-0.1902362132495909,20.653206308491512,24854.49682554374,24823.3183465858,112.42144787442196,24768.05078125,0.0003049526968356859,1
2025-05-28 04:45:00+00:00,24768.05078125,24801.900390625,24737.25,24760.0,0.0,45.00305448678612,-6.775556434266036,15.167453759940004,24846.263868944337,24821.15099108243,109.00922949946325,24761.69921875,-0.00025644175862269645,1
2025-05-28 05:45:00+00:00,24761.69921875,24783.849609375,24746.349609375,24767.75,0.0,44.63171206191368,-12.364458385953183,9.661071330761368,24838.210092735357,24818.81954903018,103.90142739235873,24791.349609375,0.0011974295609950788,2
2025-05-28 06:45:00+00:00,24791.349609375,24827.05078125,24759.05078125,24762.19921875,0.0,46.8370550091642,-14.23704888643988,4.881447287321119,24833.747189558177,24817.74229649468,101.33703972147596,24788.55078125,-0.00011289535136649462,1
2025-05-28 07:45:00+00:00,24788.55078125,24797.099609375,24761.099609375,24791.099609375,0.0,46.64817751388012,-15.765200965037366,0.7521176368494218,24829.442769719302,24816.59753119097,96.67010831279912,24748.5,-0.001615696762728635,0
2025-05-28 08:45:00+00:00,24748.5,24798.0,24748.400390625,24788.349609375,0.0,43.9188181234947,-19.9777448190398,-3.3938548543284224,24821.73393450794,24813.92703977172,93.30792981724204,24757.150390625,0.0003495319160757218,1
2025-05-28 09:45:00+00:00,24757.150390625,24757.44921875,24740.05078125,24749.5,0.0,44.671795677854696,-22.360444656857,-7.187172814834138,24815.583120804804,24811.700504511064,87.88582322315331,24801.75,0.0018014839620592567,2
2025-05-29 03:45:00+00:00,24801.75,24888.30078125,24780.30078125,24845.19921875,0.0,48.51032648075145,-20.414608800081623,-9.832660011883636,24814.26568072816,24811.31028864789,90.97614946614236,24723.55078125,-0.0031529718165048837,0
2025-05-29 04:45:00+00:00,24723.55078125,24806.150390625,24714.650390625,24802.44921875,0.0,42.89149872580151,-24.89556272939444,-12.845240555385796,24805.626166492144,24807.86873933817,91.01356736141793,24732.05078125,0.00034380174899659974,1
2025-05-29 05:45:00+00:00,24732.05078125,24748.30078125,24709.05078125,24722.19921875,0.0,43.65544821494429,-27.44450882523961,-15.76509420935656,24798.618986945272,24804.89548607981,87.3161696927452,24760.75,0.0011604059446520955,2
2025-05-29 06:45:00+00:00,24760.75,24772.900390625,24677.599609375,24732.0,0.0,46.26896285790596,-26.839392061869148,-17.97995377985908,24795.012416760008,24803.164290547276,87.88649908969197,24725.599609375,-0.0014196012085659765,0
2025-05-29 07:45:00+00:00,24725.599609375,24773.69921875,24717.80078125,24760.349609375,0.0,43.60137947402573,-28.86345547874953,-20.15665411963717,24788.401673199533,24800.12253834444,85.60163754757112,24850.75,0.005061571513013895,2
2025-05-29 08:45:00+00:00,24850.75,24853.75,24718.05078125,24725.599609375,0.0,53.81184591079234,-20.136824938086647,-20.152688283327063,24794.33960908529,24802.1079289976,89.18003620488746,24880.849609375,0.0012112153305232237,2
2025-05-29 09:45:00+00:00,24880.849609375,24891.150390625,24837.099609375,24850.44921875,0.0,55.88065078888164,-10.66913331149408,-18.25597728896047,24802.57865673193,24805.195838032007,86.67080370810979,24794.75,-0.0034604770627510253,0
2025-05-30 03:45:00+00:00,24794.75,24863.599609375,24780.69921875,24830.5,0.0,49.105155862121286,-9.99818553924706,-16.604418939017787,24801.83307037651,24804.78619732487,87.63363134503051,24753.94921875,-0.0016455411427822421,0
2025-05-30 04:45:00+00:00,24753.94921875,24795.80078125,24717.849609375,24795.80078125,0.0,46.2437181540159,-12.61333794800521,-15.806202740815271,24797.27270355494,24802.792590321933,86.94202709717118,24741.849609375,-0.0004887951117648367,1
2025-05-30 05:45:00+00:00,24741.849609375,24787.94921875,24735.30078125,24754.30078125,0.0,45.39884872470706,-15.4837157916445,-15.74170535098112,24791.99431363304,24800.402669500487,84.49248498308752,24758.25,0.0006628603311365082,1
2025-05-30 06:45:00+00:00,24758.25,24768.900390625,24729.349609375,24732.69921875,0.0,46.81717382431625,-16.247841450716805,-15.84293257092826,24788.780569477512,24798.749623637723,81.28236328786697,24753.900390625,-0.00017568323185200894,1
2025-05-30 07:45:00+00:00,24753.900390625,24801.69921875,24750.75,24758.599609375,0.0,46.472387745101855,-17.008332199842698,-16.076012496711147,24785.45864768204,24796.990830186245,79.11571010659075,24752.150390625,-7.069592962662056e-05,1
2025-05-30 08:45:00+00:00,24752.150390625,24786.80078125,24729.80078125,24753.599609375,0.0,46.32456937942024,-17.549932277361222,-16.370796452841162,24782.286432724224,24795.232381576,77.53601652754855,24736.650390625,-0.0006262082184936425,1
2025-05-30 09:45:00+00:00,24736.650390625,24757.150390625,24731.099609375,24751.650390625,0.0,44.960480446147066,-19.01073083065785,-16.8987833284045,24777.940143000487,24792.935048597526,73.85849972200937,24581.94921875,-0.006253925629867436,0
2025-06-02 03:45:00+00:00,24581.94921875,24700.5,24526.150390625,24669.69921875,0.0,34.15144450098222,-32.27941884015672,-19.974910430754942,24759.27434069092,24784.66109448586,83.618606884723,24623.150390625,0.0016760742408325215,2
2025-06-02 04:45:00+00:00,24623.150390625,24638.849609375,24554.19921875,24581.75,0.0,38.399049100438994,-39.02055477962131,-23.78403930052822,24746.310154970357,24778.32734139328,83.6923057233142,24665.94921875,0.0017381540317154215,2
2025-06-02 05:45:00+00:00,24665.94921875,24673.25,24611.599609375,24623.25,0.0,42.54507565632412,-40.44324132302427,-27.11587970502743,24738.656732473177,24773.92035619158,82.11788321629176,24702.44921875,0.00147977276999558,2
2025-06-02 06:45:00+00:00,24702.44921875,24737.05078125,24665.55078125,24665.55078125,0.0,45.88986630511095,-38.18530922656646,-29.32976560933524,24735.208397832877,24771.11756648799,81.35946298655664,24693.599609375,-0.00035824825694947063,1
2025-06-02 07:45:00+00:00,24693.599609375,24732.900390625,24682.150390625,24702.900390625,0.0,45.20276214680668,-36.687065634163446,-30.801225614300883,24731.245656074974,24768.077646601207,79.17307277323117,24723.94921875,0.001229047601609191,2
2025-06-02 08:45:00+00:00,24723.94921875,24754.30078125,24654.80078125,24693.849609375,0.0,48.07422034550171,-32.67409038360347,-31.1757985681614,24730.550757282123,24766.347120018807,80.6249961465718,24690.69921875,-0.00134484987433901,0
2025-06-02 09:45:00+00:00,24690.69921875,24724.75,24666.599609375,24724.0,0.0,45.27507022499027,-31.81008880115769,-31.30265661476066,24726.755372660016,24763.380535655324,79.01966718074524,24661.69921875,-0.0011745313384230746,0
2025-06-03 03:45:00+00:00,24661.69921875,24841.900390625,24601.80078125,24773.94921875,0.0,42.92738736157349,-33.08404666333081,-31.658934624474693,24720.55954847811,24759.39303303159,90.52537733747772,24590.19921875,-0.002899232504856737,0
2025-06-03 04:45:00+00:00,24590.19921875,24766.44921875,24588.05078125,24662.400390625,0.0,37.73236888858168,-39.408839328414615,-33.20891556526268,24708.144278980195,24752.757981491133,96.8020244919436,24615.349609375,0.0010227810844990167,2
2025-06-03 05:45:00+00:00,24615.349609375,24662.599609375,24572.55078125,24590.25,0.0,40.46179746547291,-41.908758667686925,-34.94888418574753,24699.30669139875,24747.369417878734,96.3196533228762,24541.44921875,-0.003002207638637572,0
2025-06-03 06:45:00+00:00,24541.44921875,24648.94921875,24502.75,24614.849609375,0.0,35.53312979767239,-49.28498009540272,-37.816103367678565,24684.272646384583,24739.29411595212,99.8824794248136,24577.150390625,0.001454729570237597,2
2025-06-03 07:45:00+00:00,24577.150390625,24579.55078125,24516.5,24540.5,0.0,39.37511520555683,-51.65446203198735,-40.58377510054032,24674.07052678843,24732.93553848831,97.25164384089835,24535.19921875,-0.001706917653521067,0
2025-06-03 08:45:00+00:00,24535.19921875,24601.69921875,24534.400390625,24576.400390625,0.0,36.61383397236789,-56.26877114005765,-43.72077430844379,24660.844687927623,24725.181173008372,95.11215700404848,24538.400390625,0.00013047262614251112,1
2025-06-03 09:45:00+00:00,24538.400390625,24550.650390625,24524.44921875,24535.5,0.0,36.97702680588005,-58.9873668883738,-46.77409282442979,24649.18332627975,24717.856436444323,90.18994378054502,24578.75,0.0016443455454584455,2
2025-06-04 03:45:00+00:00,24578.75,24612.0,24530.75,24568.150390625,0.0,41.52509858609013,-57.22632785912356,-48.86453983136855,24642.475390443586,24712.40128207396,89.55137636764894,24581.55078125,0.00011395132990896608,1
2025-06-04 04:45:00+00:00,24581.55078125,24609.599609375,24569.599609375,24578.94921875,0.0,41.838850183317255,-54.97102039622041,-50.085835944338925,24636.673046710865,24707.269889884785,86.01199234138831,24607.75,0.0010658082145892887,2
2025-06-04 05:45:00+00:00,24607.75,24607.94921875,24572.0,24582.05078125,0.0,44.82135603525561,-50.48762507176434,-50.16619376982401,24633.91847083364,24703.36714910499,82.43607994200343,24600.25,-0.0003047820300515082,1
2025-06-04 06:45:00+00:00,24600.25,24619.900390625,24582.19921875,24607.5,0.0,44.12380042171373,-46.99792645491834,-49.53254030684288,24630.711949801866,24699.32333933617,79.2407293657889,24616.55078125,0.0006626266501356694,1
2025-06-04 07:45:00+00:00,24616.55078125,24632.0,24588.80078125,24600.400390625,0.0,46.08767499488503,-42.42789596929652,-48.11161143933361,24629.36326708264,24696.077356666123,76.66633575037541,24616.900390625,1.4202208022835245e-05,1
2025-06-04 08:45:00+00:00,24616.900390625,24644.25,24608.650390625,24616.55078125,0.0,46.13140523559101,-38.33598990114479,-46.15648713169585,24628.176326467623,24692.97237760569,73.73299815213431,24612.0,-0.00019906611097416003,1
2025-06-04 09:45:00+00:00,24612.0,24622.05078125,24604.099609375,24617.650390625,0.0,45.5734009182488,-35.08411756255009,-43.9420132178667,24626.6357239469,24689.796990248604,69.74858198948186,24732.25,0.004885828051357062,2
2025-06-05 03:45:00+00:00,24732.25,24761.25,24613.650390625,24674.05078125,0.0,58.75691267508093,-22.54394273814978,-39.66239912192332,24636.69422642815,24691.461814160422,75.42725470451887,24708.80078125,-0.0009481231489249866,0
2025-06-05 04:45:00+00:00,24708.80078125,24741.150390625,24690.900390625,24733.0,0.0,55.912723141591925,-14.33270136304418,-34.59645957014749,24643.561517363563,24692.141773654133,73.6288793684818,24865.150390625,0.006327689099895296,2
2025-06-05 05:45:00+00:00,24865.150390625,24873.099609375,24707.849609375,24708.099609375,0.0,67.28407067944323,4.736276546089357,-26.72991234690012,24664.66521957894,24698.92642530005,80.17324512787596,24796.25,-0.0027709621515491726,0
2025-06-05 06:45:00+00:00,24796.25,24898.900390625,24785.55078125,24870.75,0.0,59.94620255927578,14.126056834767953,-18.558718510566507,24677.197103428563,24702.7430360726,82.54298543124196,24713.55078125,-0.0033351502243282754,0
2025-06-05 07:45:00+00:00,24713.55078125,24790.19921875,24693.099609375,24777.150390625,0.0,52.53975289305991,14.72465292322522,-11.90204422380816,24680.659358459176,24703.166869216813,84.01494294508181,24752.55078125,0.0015780816097696907,2
2025-06-05 08:45:00+00:00,24752.55078125,24780.650390625,24701.099609375,24713.80078125,0.0,55.34193395783952,18.13694726121321,-5.894245926803887,24687.50616062973,24705.10349321812,83.69607425257597,24761.099609375,0.0003453716023269698,1
2025-06-05 09:45:00+00:00,24761.099609375,24775.400390625,24745.44921875,24752.849609375,0.0,55.95581112082769,21.285666182586283,-0.4582635049258527,24694.51506051023,24707.29941934192,79.85715265417768,24750.599609375,-0.0004240522499261103,1
2025-06-06 03:45:00+00:00,24750.599609375,24816.94921875,24671.650390625,24758.94921875,0.0,54.95657387769093,22.672432674458832,4.167875730951084,24699.8564461164,24708.99746600988,84.5315580449507,24983.05078125,0.009391739010110787,2
2025-06-06 04:45:00+00:00,24983.05078125,24983.599609375,24735.75,24750.25,0.0,68.40711654840189,42.04366876296626,11.74303433735412,24726.827335176746,24719.744654842827,96.19713313995422,24998.849609375,0.0006323818601392413,1
2025-06-06 05:45:00+00:00,24998.849609375,25029.30078125,24960.55078125,24982.650390625,0.0,69.08286559509308,58.00173838344563,20.994775146572422,24752.73421843372,24730.689947177423,94.23662362995748,24969.05078125,-0.0011920079759920202,0
2025-06-06 06:45:00+00:00,24969.05078125,24999.55078125,24966.0,24998.55078125,0.0,66.20642564234268,67.46639651620353,30.289099420498644,24773.3357958448,24740.037430866545,89.90192060281767,24990.0,0.0008390074149607397,1
2025-06-06 07:45:00+00:00,24990.0,24997.69921875,24962.349609375,24969.44921875,0.0,67.23917083745721,75.78404188784043,39.388087913967,24793.970481954817,24749.83988455805,86.00532694368783,25002.099609375,0.0004841780462184874,1
2025-06-06 08:45:00+00:00,25002.099609375,25021.75,24983.19921875,24989.69921875,0.0,67.85028780822603,82.40229081133657,47.99092849344092,24813.79230361388,24759.732422786168,82.61571653699585,25000.30078125,-7.194708256923734e-05,1
2025-06-06 09:45:00+00:00,25000.30078125,25010.05078125,24992.650390625,25002.099609375,0.0,67.64825167909325,86.50497486608583,55.69373776796991,24831.555015769703,24769.166476059258,77.95747897185329,25118.94921875,0.004745880401126424,2
2025-06-09 03:45:00+00:00,25118.94921875,25160.099609375,25078.94921875,25160.099609375,0.0,73.29637964225739,98.1983494119304,64.19466009676201,24858.925892244017,24782.88344636085,83.80328962564947,25122.30078125,0.00013342765538529102,1
2025-06-09 04:45:00+00:00,25122.30078125,25142.69921875,25110.0,25119.150390625,0.0,73.43745347410717,106.50811679785328,72.65735143698026,24884.00921500649,24796.193930082,80.15299884881736,25116.25,-0.00024085298964798612,1
2025-06-09 05:45:00+00:00,25116.25,25128.19921875,25102.30078125,25121.599609375,0.0,72.69082469308282,111.32216719368807,80.39031458832183,24906.127385005875,24808.74514851016,76.27767303818756,25109.05078125,-0.0002866358930970985,1
2025-06-09 06:45:00+00:00,25109.05078125,25127.849609375,25103.44921875,25116.55078125,0.0,71.7560557439748,113.25093376086808,86.96243842283107,24925.45342274341,24820.521839990157,72.57215286581702,25090.69921875,-0.0007308744030142269,1
2025-06-09 07:45:00+00:00,25090.69921875,25117.099609375,25088.349609375,25109.099609375,0.0,69.30931121902896,112.00752441879013,91.97145562202287,24941.19111760118,24831.11703131407,69.44199908968723,25103.19921875,0.000498192572913986,1
2025-06-09 08:45:00+00:00,25103.19921875,25107.25,25083.5,25090.400390625,0.0,70.05822068662671,110.75405528275952,95.7279755541702,24956.620460567738,24841.78692101744,66.17828486899529,25102.150390625,-4.178065575867369e-05,1
2025-06-09 09:45:00+00:00,25102.150390625,25110.94921875,25099.400390625,25103.19921875,0.0,69.90408463356012,108.4261708923368,98.26761462180356,24970.480453906523,24851.99725315892,62.276180815852776,25156.900390625,0.00218108804018829,2
2025-06-10 03:45:00+00:00,25156.900390625,25191.25,25055.94921875,25191.25,0.0,73.21671823772309,109.73422533411212,100.56093676426528,24988.234733594,24863.9542389419,67.49222370400615,25127.69921875,-0.0011607619150840278,0
2025-06-10 04:45:00+00:00,25127.69921875,25163.75,25099.80078125,25156.5,0.0,68.86307254199454,107.17908361802256,101.88456613501674,25001.517065513613,24874.29717932653,67.23915192157713,25133.5,0.00023085206486678748,1
2025-06-10 05:45:00+00:00,25133.5,25150.5,25115.5,25127.80078125,0.0,69.25418328840111,104.41851828640938,102.39135656529528,25014.086868798036,24884.46199582353,64.9363553557502,25130.5,-0.00011936260369626197,1
2025-06-10 06:45:00+00:00,25130.5,25142.75,25120.0,25133.5,0.0,68.77305404474049,100.82641133672224,102.07836751958068,25025.17383367441,24894.110545006923,61.9230442589109,25127.55078125,-0.00011735615089234198,1
2025-06-10 07:45:00+00:00,25127.55078125,25140.80078125,25121.150390625,25127.650390625,0.0,68.2709174228311,96.6277982839856,100.98825367246168,25034.9240191578,24903.26506407528,58.90356899934584,25104.69921875,-0.0009094225974881592,0
2025-06-10 08:45:00+00:00,25104.69921875,25129.25,25086.150390625,25126.400390625,0.0,64.35035706158152,90.41419847589714,98.87344263314876,25041.56927626182,24911.164442689973,57.77471474046399,25091.5,-0.0005257668548421353,1
2025-06-10 09:45:00+00:00,25091.5,25111.80078125,25087.69921875,25103.94921875,0.0,62.130947802112246,83.46270313080458,95.79129473267994,25046.324583284502,24918.236425329585,55.36948958043085,25146.349609375,0.0021859836747504134,2
2025-06-11 03:45:00+00:00,25146.349609375,25158.599609375,25084.400390625,25122.150390625,0.0,67.19437676338558,81.44070036748599,92.92117585964117,25055.850776245505,24927.182040390187,56.71447023540008,25180.80078125,0.001370026759755062,2
2025-06-11 04:45:00+00:00,25180.80078125,25188.849609375,25132.400390625,25147.150390625,0.0,69.9153277222388,81.6766526498759,90.67227121768812,25067.750776722125,24937.12787336508,56.69552370072864,25205.94921875,0.0009987147636196661,2
2025-06-11 05:45:00+00:00,25205.94921875,25215.80078125,25179.25,25180.44921875,0.0,71.75685106740158,82.93687064719052,89.1251911035886,25080.912533105733,24947.669886909585,55.2566135256766,25208.05078125,8.337565396809998e-05,1
2025-06-11 06:45:00+00:00,25208.05078125,25222.19921875,25186.30078125,25206.19921875,0.0,71.9115813150552,83.14671741834172,87.92949636653924,25093.0209376909,24957.88090237392,53.8738866666997,25127.849609375,-0.0031815697520989777,0
2025-06-11 07:45:00+00:00,25127.849609375,25214.19921875,25108.150390625,25207.94921875,0.0,58.69581554345631,75.96577206190705,85.53675150561281,25096.337954041766,24964.54634186416,57.60066819943544,25144.94921875,0.0006805042867106413,1
2025-06-11 08:45:00+00:00,25144.94921875,25157.599609375,25125.80078125,25127.30078125,0.0,60.36816795754611,70.83803987168722,82.59700917882769,25100.967598299696,24971.62096448713,55.75767962269005,25126.80078125,-0.0007217527998214105,1
2025-06-11 09:45:00+00:00,25126.80078125,25146.69921875,25124.94921875,25145.0,0.0,57.69803723601749,64.56557616286591,78.99072257563535,25103.42790143782,24977.70644749744,53.32855964964076,25096.80078125,-0.001193944277314701,0
2025-06-12 03:45:00+00:00,25096.80078125,25195.55078125,25065.25,25131.69921875,0.0,53.48654710118255,56.52230030936698,74.49703812238168,25102.796747134216,24982.376813526957,58.82657547823784,25046.150390625,-0.0020182010873211085,0
2025-06-12 04:45:00+00:00,25046.150390625,25115.75,25038.25,25096.599609375,0.0,47.21976241605956,45.53597267845908,68.70482503359716,25097.4018560381,24984.877738119038,60.16039151550657,25039.150390625,-0.00027948406804345323,1
2025-06-12 05:45:00+00:00,25039.150390625,25092.75,25010.0,25045.849609375,0.0,46.410450528124656,35.851118008336925,62.13408362854512,25091.854097427327,24987.006077432998,61.77393497868467,25041.099609375,7.784684063121464e-05,1
2025-06-12 06:45:00+00:00,25041.099609375,25074.5,25021.650390625,25039.349609375,0.0,46.684477314157625,28.01020239204809,55.30930738124572,25087.02033666044,24989.127392411112,61.13648314985005,24847.400390625,-0.0077352521163839795,0
2025-06-12 07:45:00+00:00,24847.400390625,25045.44921875,24826.69921875,25041.19921875,0.0,30.17306281123477,6.096040770829859,45.46665405916254,25064.19938941897,24983.56947077244,72.39459149628934,24887.55078125,0.0016158789247083113,2
2025-06-12 08:45:00+00:00,24887.55078125,24920.94921875,24844.5,24847.55078125,0.0,35.282576724090944,-7.939764560844196,34.7853703351612,25047.375712450492,24979.80403196764,72.68420772869725,24856.0,-0.0012677334755563814,0
2025-06-12 09:45:00+00:00,24856.0,24887.349609375,24850.80078125,24887.349609375,0.0,33.22513129559485,-21.36286793112231,23.5557226819045,25029.14945412188,24974.94897189048,70.11747860521886,24644.150390625,-0.008523077300249437,0
2025-06-13 03:45:00+00:00,24644.150390625,24654.400390625,24508.099609375,24508.099609375,0.0,23.370533717143203,-48.53577681317984,9.137422782887633,24992.482876645987,24961.97647850752,89.95911517806037,24653.75,0.00038952892361230815,1
2025-06-13 04:45:00+00:00,24653.75,24692.349609375,24625.19921875,24642.5,0.0,24.46382963851667,-68.50619781834757,-6.39130133735941,24960.222602679703,24949.88916562487,88.32992056712749,24688.94921875,0.0014277429904172793,2
2025-06-13 05:45:00+00:00,24688.94921875,24702.0,24639.75,24652.75,0.0,28.49246430315924,-80.56392676463656,-21.225826422814844,24934.387042305447,24939.65622653174,86.46706909804695,24686.0,-0.00011945501300477456,1
2025-06-13 06:45:00+00:00,24686.0,24724.55078125,24674.44921875,24688.80078125,0.0,28.356003917060505,-89.3280232836405,-34.84626579497998,24910.73113351445,24929.708923530496,83.86953291247217,24715.849609375,0.0012091715699181723,2
2025-06-13 07:45:00+00:00,24715.849609375,24754.099609375,24680.650390625,24685.19921875,0.0,31.91046139686955,-92.79533207877466,-46.43607905173892,24892.170988358317,24921.32228375969,83.12522475800986,24725.599609375,0.00039448370798880874,1
2025-06-13 08:45:00+00:00,24725.599609375,24728.44921875,24650.900390625,24714.349609375,0.0,33.078374814902844,-93.6766101139474,-55.884185264180616,24876.30704750276,24913.646884764217,82.72691071279488,24735.55078125,0.00040246432977208356,1
2025-06-13 09:45:00+00:00,24735.55078125,24744.94921875,24709.75,24725.150390625,0.0,34.31671346177137,-92.50570471997708,-63.20848915533991,24862.90168881202,24906.66272384209,79.33207557259524,24763.69921875,0.0011379749636032778,2
2025-06-16 03:45:00+00:00,24763.69921875,24817.400390625,24704.599609375,24733.75,0.0,37.82162502146924,-88.28867323217128,-68.2245259707062,24853.4538345204,24901.0563118777,81.72269740669559,24906.75,0.00577663215767409,2
2025-06-16 04:45:00+00:00,24906.75,24930.5,24763.25,24763.599609375,0.0,51.875824552299896,-72.56713412369209,-69.09304760130337,24858.529659804168,24901.279593764848,87.83179044907448,24916.900390625,0.0004075357332851536,1
2025-06-16 05:45:00+00:00,24916.900390625,24925.05078125,24874.25,24906.75,0.0,52.69291501385556,-58.61299529512689,-66.99703714006807,24864.0887770252,24901.892174033877,85.1867183634263,24934.400390625,0.0007023345490671218,1
2025-06-16 06:45:00+00:00,24934.400390625,24952.69921875,24891.650390625,24917.30078125,0.0,54.13866600476013,-45.61629968533816,-62.7208896491221,24870.785121177563,24903.167006057058,83.46258334639585,24961.5,0.0010868362162496231,2
2025-06-16 07:45:00+00:00,24961.5,24966.30078125,24927.650390625,24934.349609375,0.0,56.36266796756199,-32.7520673379513,-56.727125186887946,24879.424633446368,24905.454574446976,80.26171243772471,24950.69921875,-0.0004326976043106384,1
2025-06-16 08:45:00+00:00,24950.69921875,24965.75,24928.5,24961.650390625,0.0,55.21342982378238,-23.16161067162102,-50.01402228383456,24886.21268918957,24907.228874223565,77.18944726360152,24940.94921875,-0.00039077061185816594,1
2025-06-16 09:45:00+00:00,24940.94921875,24957.94921875,24936.44921875,24951.55078125,0.0,54.14024908924296,-16.16154791968802,-43.24352741100526,24891.42569200485,24908.55124067558,73.2116296019157,24851.69921875,-0.0035784524164342558,0
2025-06-17 03:45:00+00:00,24851.69921875,24975.80078125,24846.80078125,24966.30078125,0.0,45.43456659805332,-17.61264920612666,-38.11735177002954,24887.64221836153,24906.321749619678,77.19651320177887,24878.80078125,0.001090531567336552,2
2025-06-17 04:45:00+00:00,24878.80078125,24908.400390625,24850.25,24851.75,0.0,48.16049359433264,-16.386889966655872,-33.77125940935481,24886.800176731864,24905.24249595812,75.83607587486608,24855.69921875,-0.0009285641499814806,0
2025-06-17 05:45:00+00:00,24855.69921875,24899.849609375,24854.0,24878.80078125,0.0,46.04872684695098,-17.082651787961368,-30.433537885076127,24883.838180733597,24903.299622342118,73.69418541058994,24839.44921875,-0.0006537736016592019,1
2025-06-17 06:45:00+00:00,24839.44921875,24864.05078125,24814.0,24855.05078125,0.0,44.56833025990616,-18.729386527869792,-28.09270761363486,24879.61066054468,24900.795684946348,72.00537082769065,24862.349609375,0.0009219363289148011,2
2025-06-17 07:45:00+00:00,24862.349609375,24866.25,24830.599609375,24839.80078125,0.0,47.14704855113195,-17.979311228333245,-26.070028336574538,24877.966750909472,24899.28799570825,69.40858652749846,24862.400390625,2.0424960149724384e-06,1
2025-06-17 08:45:00+00:00,24862.400390625,24869.25,24836.75,24862.25,0.0,47.152919551660894,-17.18270203378779,-24.29256307601719,24876.48424040619,24897.841422959893,66.77225891839143,24841.5,-0.0008406425082302601,1
2025-06-17 09:45:00+00:00,24841.5,24868.44921875,24833.849609375,24859.5,0.0,44.94026214464773,-18.03003138097847,-23.040056737009444,24873.152407986552,24895.63195539284,64.4742125224349,24916.94921875,0.00303722475494636,2
2025-06-18 03:45:00+00:00,24916.94921875,24947.400390625,24777.849609375,24789.349609375,0.0,53.43500399388309,-12.469681865175517,-20.92598176264266,24877.323532821167,24896.467926504884,71.97968171726097,24837.94921875,-0.003170532608404263,0
2025-06-18 04:45:00+00:00,24837.94921875,24928.849609375,24826.0,24917.25,0.0,45.51651874629282,-14.273172337238066,-19.595419877561746,24873.573598147723,24894.17307522038,74.18467654995662,24816.349609375,-0.000869621287360335,0
2025-06-18 05:45:00+00:00,24816.349609375,24837.80078125,24767.19921875,24837.80078125,0.0,43.61350995568249,-17.24655197532411,-19.125646297114216,24868.12369445508,24891.121174598997,73.939342510674,24800.5,-0.0006386760996070273,1
2025-06-18 06:45:00+00:00,24800.5,24817.5,24760.650390625,24815.80078125,0.0,42.21864116700237,-20.643937317410742,-19.42930450117352,24861.683342602217,24887.56740304609,72.71864728669728,24776.900390625,-0.0009515779671780811,0
2025-06-18 07:45:00+00:00,24776.900390625,24814.94921875,24765.599609375,24799.849609375,0.0,40.15911467866764,-24.95303783679992,-20.5340511682988,24853.60877574724,24883.22752020605,71.04943029300462,24813.05078125,0.0014590360398219328,2
2025-06-18 08:45:00+00:00,24813.05078125,24829.650390625,24750.900390625,24777.19921875,0.0,44.61608408833669,-25.160956794017693,-21.459432293442585,24849.746109604646,24880.47549122738,71.59947098636142,24798.75,-0.0005763411108160226,1
2025-06-18 09:45:00+00:00,24798.75,24823.30078125,24794.94921875,24813.25,0.0,43.243944186355264,-26.177924774241543,-22.403130789602372,24844.889337261346,24877.270570002776,68.51033466590704,24833.19921875,0.0013891514189223247,2
2025-06-19 03:45:00+00:00,24833.19921875,24862.400390625,24738.55078125,24802.349609375,0.0,47.437543161454,-23.9282848040566,-22.70816159249322,24843.77599264122,24875.542281718357,72.46314000227082,24814.55078125,-0.0007509478475056781,1
2025-06-19 04:45:00+00:00,24814.55078125,24839.5,24796.44921875,24832.400390625,0.0,45.478566712300776,-23.380684003441274,-22.842666074682832,24840.992639175387,24873.15045817057,70.36225723425147,24811.80078125,-0.00011082207468683712,1
2025-06-19 05:45:00+00:00,24811.80078125,24822.19921875,24791.25,24814.30078125,0.0,45.18225429603412,-22.90457871516992,-22.85504860278025,24838.212462230116,24870.74458848741,67.54704019966208,24794.55078125,-0.0006952336975490966,1
2025-06-19 06:45:00+00:00,24794.55078125,24813.75,24772.19921875,24811.849609375,0.0,43.27746902595965,-23.64660928743615,-23.01336073971143,24834.05420689868,24867.756596046733,65.6901645604005,24832.400390625,0.001526529345456923,2
2025-06-19 07:45:00+00:00,24832.400390625,24842.0,24780.55078125,24794.400390625,0.0,48.41611998859864,-20.93915318408108,-22.59851922858536,24833.896700586894,24866.370078187058,65.38723985965761,24791.75,-0.0016369899802496251,0
2025-06-19 08:45:00+00:00,24791.75,24849.849609375,24787.75,24833.30078125,0.0,43.8241884350471,-21.822070267669915,-22.443229436402277,24829.882729102435,24863.44380061109,65.1524091107535,24744.69921875,-0.0018978402593604728,0
2025-06-19 09:45:00+00:00,24744.69921875,24805.150390625,24734.0,24791.44921875,0.0,39.19101331934692,-26.018468535239663,-23.15827725616975,24821.770013830774,24858.787150342032,65.5808363617711,24919.05078125,0.0070460166421375285,2
2025-06-20 03:45:00+00:00,24919.05078125,24919.099609375,24787.44921875,24795.900390625,0.0,57.23396271916803,-15.10135143962907,-21.54689209286161,24831.03484882308,24861.15042998548,73.35366166628746,25016.55078125,0.003912669100275784,2
2025-06-20 04:45:00+00:00,25016.55078125,25039.55078125,24918.849609375,24918.849609375,0.0,63.71735322706915,1.4018183810294431,-16.957149998083406,24848.703032863737,24867.24456140762,76.7356266811955,25040.099609375,0.0009413299351663594,2
2025-06-20 05:45:00+00:00,25040.099609375,25044.650390625,25002.900390625,25016.650390625,0.0,65.09378685523126,16.194216143583617,-10.326876769750005,24866.931278245764,24874.023190739677,74.2366533468244,25038.25,-7.386589525816052e-05,1
2025-06-20 06:45:00+00:00,25038.25,25047.44921875,24964.05078125,25039.75,0.0,64.88557766714433,27.45160491175193,-2.771180433449617,24883.247346984263,24880.46345776949,74.89106650062266,25049.650390625,0.00045531898694996654,1
2025-06-20 07:45:00+00:00,25049.650390625,25077.55078125,25034.55078125,25038.900390625,0.0,65.61561655050696,36.868090464744455,5.156673746189198,24899.095255902423,24887.0982394501,72.61313317914961,25116.599609375,0.002672660803883163,2
2025-06-20 08:45:00+00:00,25116.599609375,25132.099609375,25031.400390625,25050.44921875,0.0,69.61123475065216,49.16620810068344,13.958580617088046,24919.809956233148,24896.098293172647,74.61928214849607,25079.75,-0.0014671416492718842,0
2025-06-20 09:45:00+00:00,25079.75,25134.55078125,25072.80078125,25116.05078125,0.0,65.12538132578895,55.3016168043323,22.2271878545369,24935.0423413538,24903.300320891365,73.70004770931779,24862.44921875,-0.008664391840030303,0
2025-06-23 03:45:00+00:00,24862.44921875,24985.55078125,24824.900390625,24939.75,0.0,46.21309978447205,42.14380783363595,26.21051185035671,24928.12871062963,24901.69831688582,86.63930211400937,24928.30078125,0.0026486353746009096,2
2025-06-23 04:45:00+00:00,24928.30078125,24939.05078125,24856.75,24863.099609375,0.0,50.86934338744032,36.60782792401733,28.28997506508884,24928.145098307763,24902.74155078245,86.32940776658013,24941.099609375,0.0005134256136152983,1
2025-06-23 05:45:00+00:00,24941.099609375,24968.80078125,24920.349609375,24928.55078125,0.0,51.74372650669872,32.874327640995034,29.20684558027008,24929.37886126655,24904.24578837432,83.62381948861012,24962.25,0.0008480135581933152,1
2025-06-23 06:45:00+00:00,24962.25,24964.150390625,24938.30078125,24941.900390625,0.0,53.22520039392359,31.261795017358963,29.61783546768785,24932.50944590783,24906.52046334003,79.49709019478084,25014.30078125,0.0020851798716061253,2
2025-06-23 07:45:00+00:00,25014.30078125,25056.55078125,24961.80078125,24963.55078125,0.0,56.744641322653074,33.79435405847471,30.453139185845224,24940.2990968928,24910.74714247376,80.58658375229649,24983.900390625,-0.0012153204237388582,0
2025-06-23 08:45:00+00:00,24983.900390625,25018.599609375,24972.5,25015.099609375,0.0,54.18050343503048,32.968329507399176,30.956177250156014,24944.451601057768,24913.61589730322,78.12322843963246,24958.19921875,-0.0010287093477463652,0
2025-06-23 09:45:00+00:00,24958.19921875,24986.0,24951.69921875,24979.69921875,0.0,52.03954395492244,29.895215883250785,30.74398497677497,24945.76089798084,24915.364262850155,74.99305364037299,25232.599609375,0.010994398603039237,2
2025-06-24 03:45:00+00:00,25232.599609375,25248.94921875,25119.05078125,25182.599609375,0.0,67.02255024433896,49.036309408398665,34.40244986309971,24973.07887049457,24927.80486467466,90.40426409463204,25256.400390625,0.0009432552181883384,2
2025-06-24 04:45:00+00:00,25256.400390625,25276.0,25167.099609375,25233.349609375,0.0,67.95759402786373,65.3727121342672,40.59650231733321,25000.061872411752,24940.690963731537,91.72541598965834,25308.75,0.002072726460039484,2
2025-06-24 05:45:00+00:00,25308.75,25316.5,25248.099609375,25256.400390625,0.0,69.9741796988852,81.60293710172846,48.79778927421226,25029.46074170587,24955.12465142834,90.05934274932561,25182.349609375,-0.004994335580579839,0
2025-06-24 06:45:00+00:00,25182.349609375,25311.099609375,25143.94921875,25307.44921875,0.0,60.13344940433378,83.30575527878318,55.699382475126455,25044.021586245788,24964.03543409292,95.56584616901664,25040.150390625,-0.005646781216041152,0
2025-06-24 07:45:00+00:00,25040.150390625,25202.099609375,25000.349609375,25183.349609375,0.0,51.37934788456706,72.34699132600144,59.028904245301455,25043.65290094857,24967.02033434908,103.15042858551544,25041.5,5.389781426813203e-05,1
2025-06-24 08:45:00+00:00,25041.5,25077.05078125,25015.5,25042.849609375,0.0,51.45158594364218,63.04425916127366,59.83197522849589,25043.447862762994,24969.941105551075,100.17902520440718,25071.55078125,0.001200039184952978,2
2025-06-24 09:45:00+00:00,25071.55078125,25078.349609375,25038.849609375,25042.5,0.0,53.12171253629399,57.43455401328174,59.352490985453066,25046.124331190327,24973.92579871574,95.8448091183781,25173.05078125,0.004048413314580754,2
2025-06-25 03:45:00+00:00,25173.05078125,25208.599609375,25142.150390625,25150.349609375,0.0,58.335309578944326,60.48182714219365,59.57835821680119,25058.212564529345,24981.734621560223,98.7879533331368,25194.900390625,0.000867976216505095,2
2025-06-25 04:45:00+00:00,25194.900390625,25217.94921875,25172.650390625,25173.900390625,0.0,59.38253660060367,63.92302903502423,60.4472923804458,25071.23045272893,24990.094063484332,94.9673015325556,25194.25,-2.5814375723509895e-05,1
2025-06-25 05:45:00+00:00,25194.25,25220.25,25189.94921875,25195.349609375,0.0,59.33472900276219,65.83877680393562,61.525589265143765,25082.94660008809,24998.100178641813,90.34826436951592,25240.44921875,0.001833720739851355,2
2025-06-25 06:45:00+00:00,25240.44921875,25244.69921875,25180.30078125,25194.349609375,0.0,61.69385771982428,70.27482710090408,63.27543683229583,25097.94684948446,25007.604062567625,88.49470530740764,25245.25,0.00019020189412610432,1
2025-06-25 07:45:00+00:00,25245.25,25265.94921875,25224.30078125,25240.400390625,0.0,61.94094361370135,73.33248065720545,65.28684559727776,25111.975720962128,25016.92351109439,85.14854332116424,25248.599609375,0.00013268275715233558,1
2025-06-25 08:45:00+00:00,25248.599609375,25262.05078125,25215.75,25246.05078125,0.0,62.12451486502263,75.15958569382929,67.26139361658807,25124.98751985859,25026.008848281865,82.37370317322393,25238.349609375,-0.0004059631091854336,1
2025-06-25 09:45:00+00:00,25238.349609375,25249.650390625,25234.650390625,25248.80078125,0.0,61.15249482948679,74.91689493113518,68.79249387949748,25135.783909336344,25034.335936952182,77.56129580370794,25386.19921875,0.005858133026260957,2
2025-06-26 03:45:00+00:00,25386.19921875,25437.5,25260.400390625,25271.69921875,0.0,68.74820201355686,85.66726964063491,72.16744903172497,25159.63298642336,25048.13449702269,86.24623114808594,25337.75,-0.0019084865100332104,0
2025-06-26 04:45:00+00:00,25337.75,25395.80078125,25292.5,25385.900390625,0.0,64.31069010688515,89.24876776470774,75.58371277832153,25176.59651152589,25059.491967727685,87.46441329822265,25396.400390625,0.0023147434411105957,2
2025-06-26 05:45:00+00:00,25396.400390625,25400.55078125,25313.900390625,25337.849609375,0.0,67.08079573463209,95.7163684785628,79.61024391836979,25197.53021429724,25072.704062743265,87.4062688215639,25392.44921875,-0.00015557999615010648,1
2025-06-26 06:45:00+00:00,25392.44921875,25421.19921875,25351.30078125,25399.349609375,0.0,66.70516825225175,99.37759899108642,83.56371493291311,25216.093929007024,25085.243088469026,86.1557094414522,25515.94921875,0.004863650565413224,2
2025-06-26 07:45:00+00:00,25515.94921875,25526.5,25389.30078125,25393.5,0.0,71.98556690256598,110.9654280366085,89.0440575536522,25244.65157564921,25102.13352495063,89.80167439206276,25542.099609375,0.0010248645034057282,2
2025-06-26 08:45:00+00:00,25542.099609375,25564.75,25480.349609375,25517.599609375,0.0,72.96334162723298,120.86571924137388,95.40838989119652,25272.97995981357,25119.38709688884,89.41586840870114,25530.400390625,-0.0004580366895799712,1
2025-06-26 09:45:00+00:00,25530.400390625,25559.5,25528.599609375,25541.05078125,0.0,71.7566877408666,126.31169952440904,101.58905181783904,25297.49619131942,25135.50526527065,85.23619142415107,25567.650390625,0.0014590448810069797,2
2025-06-27 03:45:00+00:00,25567.650390625,25620.94921875,25524.099609375,25553.44921875,0.0,73.27231842075301,132.1105535977331,107.69335217381789,25323.225162681854,25152.45213293161,86.06572127778314,25606.150390625,0.0015058090756011337,2
2025-06-27 04:45:00+00:00,25606.150390625,25610.25,25539.599609375,25568.099609375,0.0,74.77879612569751,138.21950703298717,113.79858314565172,25350.170422485964,25170.244221468605,84.96462623115578,25612.25,0.00023820876164318738,1
2025-06-27 05:45:00+00:00,25612.25,25617.80078125,25595.650390625,25607.349609375,0.0,75.01903134216408,141.91715156022838,119.42229682856708,25375.130382249205,25187.57778141101,80.47789511643036,25616.650390625,0.00017180804595457252,1
2025-06-27 06:45:00+00:00,25616.650390625,25649.150390625,25612.099609375,25612.44921875,0.0,75.20253806610587,143.54790533872074,124.2474185305978,25398.132287808803,25204.404158242934,77.37595841168533,25634.25,0.0006870378877263742,1
2025-06-27 07:45:00+00:00,25634.25,25639.349609375,25608.80078125,25617.349609375,0.0,75.96307124473356,144.59364531088795,128.31666388665585,25420.61968896987,25221.26085791969,74.03116339120781,25633.0,-4.876288559251782e-05,1
2025-06-27 08:45:00+00:00,25633.0,25653.349609375,25611.25,25634.400390625,0.0,75.78528935687063,143.66545132542524,131.38642137440974,25440.846385258454,25237.407490942445,71.75033810433582,25632.44921875,-2.148719424179768e-05,1
2025-06-27 09:45:00+00:00,25632.44921875,25649.94921875,25629.599609375,25632.599609375,0.0,75.70121923241797,141.2570837291205,133.3605538453519,25459.09427416241,25252.899323405487,68.07885748081183,25586.400390625,-0.0017965051927739909,0
2025-06-30 03:45:00+00:00,25586.400390625,25664.849609375,25543.80078125,25660.94921875,0.0,68.82676459573926,134.08700791316005,133.50584465891353,25471.218666206467,25265.97779662978,71.86242681253955,25547.849609375,-0.0015066902988090979,0
2025-06-30 04:45:00+00:00,25547.849609375,25600.0,25537.05078125,25586.69921875,0.0,63.61822235637871,123.86609407828291,131.57789454278742,25478.51685127014,25277.031593208027,71.22576909378672,25585.94921875,0.0014913039632509432,2
2025-06-30 05:45:00+00:00,25585.94921875,25589.80078125,25539.0,25547.650390625,0.0,66.33011499121827,117.48596126231496,128.75950788669292,25488.74850531584,25289.146009895947,69.7668413906591,25505.69921875,-0.0031364871130593374,0
2025-06-30 06:45:00+00:00,25505.69921875,25599.30078125,25499.25,25586.900390625,0.0,56.73691505069553,104.74670095051988,123.95694649945833,25490.36285897624,25297.638292596108,71.9299799520406,25489.650390625,-0.0006292251777674076,1
2025-06-30 07:45:00+00:00,25489.650390625,25518.80078125,25473.30078125,25506.25,0.0,55.02303564169131,92.2918560016733,117.62392839990132,25490.295004847547,25305.16817879332,70.04212424118056,25525.150390625,0.0013927221227426788,2
2025-06-30 08:45:00+00:00,25525.150390625,25526.650390625,25477.599609375,25490.900390625,0.0,58.042266187525655,84.31393638646477,110.96192999721404,25493.61456539778,25313.79493219848,68.54274259895338,25507.44921875,-0.0006934796310348625,1
2025-06-30 09:45:00+00:00,25507.44921875,25526.099609375,25505.349609375,25524.80078125,0.0,56.02283271564691,75.6905276906582,103.90764953590286,25494.932151431327,25321.3892179456,65.1289752704567,25531.30078125,0.0009350822301144564,2
2025-07-01 03:45:00+00:00,25531.30078125,25593.150390625,25513.80078125,25558.19921875,0.0,58.13642401177113,69.97441443678326,97.12100251607896,25498.395830461675,25329.62104395754,66.59841788506694,25524.099609375,-0.00028205268257575376,1
2025-07-01 04:45:00+00:00,25524.099609375,25554.25,25513.80078125,25530.650390625,0.0,57.2419267221268,64.12409644514992,90.52162130189316,25500.843809405804,25337.247654366067,64.73061794684787,25524.400390625,1.178420608770556e-05,1
2025-07-01 05:45:00+00:00,25524.400390625,25535.599609375,25502.69921875,25524.400390625,0.0,57.27149871827417,58.833748985092825,84.18404683853308,25503.08729333144,25344.586977356616,62.45703028100159,25531.19921875,0.00026636583116354735,1
2025-07-01 06:45:00+00:00,25531.19921875,25551.30078125,25522.44921875,25524.650390625,0.0,57.978951380776266,54.560776449608966,78.25939276074827,25505.76461956178,25351.905104470083,60.05663972521576,25551.849609375,0.0008088296381250453,1
2025-07-01 07:45:00+00:00,25551.849609375,25551.849609375,25509.19921875,25531.19921875,0.0,60.13778911292739,52.23855532266316,73.05522527313124,25510.15366621066,25359.746065446747,58.81333621805749,25537.25,-0.0005713719201620296,1
2025-07-01 08:45:00+00:00,25537.25,25552.19921875,25515.05078125,25552.099609375,0.0,57.874008551144506,48.65919893035243,68.17602000457549,25512.734269428693,25366.70700405668,57.26584345248195,25533.0,-0.00016642355774407972,1
2025-07-01 09:45:00+00:00,25533.0,25556.94921875,25527.0,25537.0,0.0,57.199002446045775,44.96130775198981,63.53307755405836,25514.664339006915,25373.22829801524,55.31465597373324,25525.80078125,-0.000281957417851408,1
2025-07-02 03:45:00+00:00,25525.80078125,25605.80078125,25513.30078125,25588.30078125,0.0,56.007348184932695,40.97742333586939,59.02194671042057,25515.724952553875,25379.21153265189,57.97075197560944,25476.25,-0.0019412037912008454,0
2025-07-02 04:45:00+00:00,25476.25,25528.150390625,25466.75,25526.099609375,0.0,48.51545250197628,33.43639831371547,53.90483703107955,25511.96543326303,25383.01696274397,58.21572616485162,25498.69921875,0.000881182228546195,2
2025-07-02 05:45:00+00:00,25498.69921875,25503.94921875,25463.69921875,25477.19921875,0.0,51.669739843896174,28.937967118992677,48.91146304866218,25510.70198426179,25387.553521803035,56.932460010219366,25463.650390625,-0.0013745339644317027,0
2025-07-02 06:45:00+00:00,25463.650390625,25501.349609375,25460.5,25499.5,0.0,46.84428837456384,22.287859898126044,43.58674241855496,25506.220880105902,25390.53771273723,55.78368496484655,25415.44921875,-0.0018929403732603207,0
2025-07-02 07:45:00+00:00,25415.44921875,25463.650390625,25384.150390625,25463.099609375,0.0,41.15229350045732,12.97856149974541,37.46510623479305,25497.57595997677,25391.51463454165,57.47770746735751,25459.900390625,0.0017489823411111136,2
2025-07-02 08:45:00+00:00,25459.900390625,25472.80078125,25379.400390625,25415.30078125,0.0,47.48906317743628,9.083010237482084,31.788687035330856,25493.987810514696,25394.196428897863,60.04361340718912,25444.75,-0.0005950687313206759,1
2025-07-02 09:45:00+00:00,25444.75,25459.900390625,25440.05078125,25459.55078125,0.0,45.68345856605063,4.718851902518509,26.374720008768385,25489.29849522758,25396.17892188226,57.17261311917561,25543.05078125,0.003863303088063353,2
2025-07-03 03:45:00+00:00,25543.05078125,25559.55078125,25429.900390625,25496.30078125,0.0,57.08484282172686,9.08752120529607,22.91728024807393,25494.41776056305,25401.93860264178,62.349597226734495,25554.19921875,0.0004364567723517022,1
2025-07-03 04:45:00+00:00,25554.19921875,25567.349609375,25526.44921875,25542.5,0.0,58.15755749072171,13.29604036040837,20.993032270540816,25500.11123277133,25407.909607195048,60.81751104089631,25503.94921875,-0.001966408713098309,0
2025-07-03 05:45:00+00:00,25503.94921875,25576.30078125,25484.849609375,25554.849609375,0.0,51.86464532146839,12.43324436671901,19.281074689776457,25500.476755245487,25411.675866471716,63.00562967190372,25507.55078125,0.00014121587480860425,1
2025-07-03 06:45:00+00:00,25507.55078125,25538.55078125,25486.44921875,25503.80078125,0.0,52.26333697279903,11.90287933613945,17.805435619049057,25501.15047200782,25415.435667051253,62.22676773105345,25492.099609375,-0.0006057489410687674,1
2025-07-03 07:45:00+00:00,25492.099609375,25587.150390625,25479.75,25506.900390625,0.0,50.337071833426776,10.119133714339114,16.26817523810707,25500.28848509041,25418.44209616199,65.45345508062105,25397.94921875,-0.003693316441866372,0
2025-07-03 08:45:00+00:00,25397.94921875,25495.150390625,25384.650390625,25491.75,0.0,40.53360749828135,1.0957219811389225,13.23368458671344,25490.541888296084,25417.63845391054,68.67106543200526,25397.400390625,-2.1609151206382775e-05,1
2025-07-03 09:45:00+00:00,25397.400390625,25418.44921875,25388.650390625,25399.5,0.0,40.48411092343303,-6.030170617308613,9.38091354590903,25481.671269470266,25416.84480436993,65.89447705293345,25410.25,0.0005059419144229898,1
2025-07-04 03:45:00+00:00,25410.25,25458.650390625,25370.55078125,25438.650390625,0.0,42.26182214152587,-10.519374946663447,5.400855847394535,25474.86924380643,25416.58618459072,67.48055793308107,25423.55078125,0.0005234415737743627,1
2025-07-04 04:45:00+00:00,25423.55078125,25426.849609375,25395.75,25409.599609375,0.0,44.12235892213365,-12.855647926113306,1.749555092692967,25469.981771182007,25416.859306028346,64.881918750361,25352.900390625,-0.0027789348243639133,0
2025-07-04 05:45:00+00:00,25352.900390625,25424.94921875,25333.599609375,25424.05078125,0.0,37.25510538117573,-20.175486715696024,-2.635453268984832,25458.831163509916,25414.35111326743,66.77246808069235,25370.69921875,0.0007020430739980209,1
2025-07-04 06:45:00+00:00,25370.69921875,25374.94921875,25345.44921875,25351.900390625,0.0,39.79726101159383,-24.260633532714564,-6.960489321730779,25450.437644961352,25412.639274266745,64.11014893207147,25384.30078125,0.0005361130327045887,1
2025-07-04 07:45:00+00:00,25384.30078125,25388.69921875,25358.44921875,25370.25,0.0,41.73983481362541,-26.099747750806277,-10.788341007545878,25444.13889603646,25411.527960815107,61.69156686549494,25462.80078125,0.0030924625687536633,2
2025-07-04 08:45:00+00:00,25462.80078125,25466.400390625,25373.5,25384.19921875,0.0,51.4721817491134,-20.981107918811176,-12.826894389798936,25445.91621843775,25413.538659655693,63.92076856260245,25467.80078125,0.00019636488707408187,1
2025-07-04 09:45:00+00:00,25467.80078125,25469.75,25449.30078125,25462.5,0.0,52.02194228852424,-16.332816222304245,-13.5280787563,25448.000462515105,25415.666585992727,60.81565786170227,25436.099609375,-0.001244754980898828,0
2025-07-07 03:45:00+00:00,25436.099609375,25489.650390625,25408.19921875,25451.94921875,0.0,48.28684735505709,-15.03373169544284,-13.829209344128568,25446.867047930333,25416.467881027325,62.2896231483664,25457.69921875,0.0008491714416403299,1
2025-07-07 04:45:00+00:00,25457.69921875,25478.75,25427.44921875,25436.099609375,0.0,50.87490388600189,-12.121560088129629,-13.48767949292878,25447.89868324649,25418.08479623213,61.50470586991165,25430.25,-0.001078228574944558,0
2025-07-07 05:45:00+00:00,25430.25,25461.650390625,25425.19921875,25458.900390625,0.0,47.61373163869278,-11.891487987377332,-13.168441191818491,25446.21785627064,25418.56186304656,59.71516772741796,25448.80078125,0.0007294769516618988,1
2025-07-07 06:45:00+00:00,25448.80078125,25455.349609375,25417.150390625,25430.55078125,0.0,49.94880991627996,-10.095882133653504,-12.553929380185494,25446.46384912581,25419.74770297611,58.17831422903097,25452.05078125,0.00012770739289194772,1
2025-07-07 07:45:00+00:00,25452.05078125,25467.80078125,25438.69921875,25447.599609375,0.0,50.36622403677804,-8.314756383486383,-11.706094780845673,25446.995937899545,25421.0144903594,56.10140339124304,25459.94921875,0.00031032617245202953,1
2025-07-07 08:45:00+00:00,25459.94921875,25466.599609375,25415.849609375,25453.599609375,0.0,51.42644198794879,-6.194457646077353,-10.603767353892009,25448.229583694825,25422.54134245315,55.71916029186854,25454.94921875,-0.00019638688031308978,1
2025-07-07 09:45:00+00:00,25454.94921875,25473.19921875,25453.349609375,25459.80078125,0.0,50.68830141592437,-4.861523220519302,-9.455318527217468,25448.86954893817,25423.81223956283,53.157049512092215,25448.19921875,-0.0002651743651889897,1
2025-07-08 03:45:00+00:00,25448.19921875,25494.69921875,25428.099609375,25441.05078125,0.0,49.65218298757468,-4.300260941570741,-8.424307010088123,25448.805707967877,25424.768591687814,54.11723235944277,25436.55078125,-0.00045773130742459523,1
2025-07-08 04:45:00+00:00,25436.55078125,25460.55078125,25431.05078125,25448.900390625,0.0,47.83501064060663,-4.740739800610754,-7.68759356819265,25447.638572089974,25425.230638337314,52.358858619482575,25449.900390625,0.0005248199525872971,1
2025-07-08 05:45:00+00:00,25449.900390625,25461.099609375,25432.30078125,25436.80078125,0.0,50.08943578127251,-3.966892691019893,-6.943453392758099,25447.853983379027,25426.1980796035,50.6759992984481,25474.94921875,0.0009842407137368309,2
2025-07-08 06:45:00+00:00,25474.94921875,25480.25,25441.599609375,25450.0,0.0,54.09802544181058,-1.3171983508436824,-5.818202384375216,25450.434481985787,25428.109888981795,49.817027250344665,25460.599609375,-0.0005632831395180345,1
2025-07-08 07:45:00+00:00,25460.599609375,25478.80078125,25447.150390625,25474.44921875,0.0,51.54405955511408,-0.3709143780470185,-4.728744783109577,25451.40258935619,25429.383995663884,48.51941034853433,25536.0,0.0029614538456209953,2
2025-07-08 08:45:00+00:00,25536.0,25538.900390625,25447.44921875,25460.80078125,0.0,61.75984053350296,6.389549119190633,-2.505086002649535,25459.45948560798,25433.56501544177,51.58596474328188,25523.099609375,-0.0005051844699639725,1
2025-07-08 09:45:00+00:00,25523.099609375,25547.400390625,25517.30078125,25536.19921875,0.0,59.45046914414683,10.584302189745358,0.1127916358294434,25465.520449776268,25437.07617598817,50.05122507411888,25527.75,0.0001822032079243167,1
2025-07-09 03:45:00+00:00,25527.75,25529.349609375,25472.05078125,25514.599609375,0.0,60.03067971200946,14.121142141717428,2.9144617370070405,25471.4470736071,25440.63201222393,50.56891100632468,25534.099609375,0.00024873360852405716,1
2025-07-09 04:45:00+00:00,25534.099609375,25537.25,25515.75,25527.650390625,0.0,60.85429830198184,17.237767442933546,5.779122878192342,25477.413981775477,25444.297408190643,48.49256022015863,25538.25,0.00016254305765597306,1
2025-07-09 05:45:00+00:00,25538.25,25548.69921875,25503.25,25534.150390625,0.0,61.41399893487614,19.814211390406854,8.586140580635245,25483.20788827305,25447.98182355572,48.27517868657587,25524.599609375,-0.0005345076747623662,1
2025-07-09 06:45:00+00:00,25524.599609375,25545.94921875,25490.5,25537.94921875,0.0,58.4537717374283,20.518069802070382,10.972526424922274,25487.149956949423,25450.986442607456,48.7876101196776,25529.55078125,0.00019397647566551723,1
2025-07-09 07:45:00+00:00,25529.55078125,25537.80078125,25516.849609375,25525.400390625,0.0,59.22155030510356,21.23066694308727,13.024154528555272,25491.18813069234,25454.067397064027,46.79929310220062,25478.44921875,-0.002001663207389109,0
2025-07-09 08:45:00+00:00,25478.44921875,25533.19921875,25424.80078125,25530.30078125,0.0,49.1299206416162,17.470546703792934,13.913432963602803,25489.974900983547,25455.023546934062,51.19923198775772,25467.099609375,-0.0004454591909246831,1
2025-07-09 09:45:00+00:00,25467.099609375,25482.349609375,25464.400390625,25478.400390625,0.0,47.20590210335228,13.420107059573638,13.814767782796972,25487.79630178273,25455.497118010186,48.8242310422036,25412.80078125,-0.002132116690076926,0
2025-07-10 03:45:00+00:00,25412.80078125,25521.849609375,25402.900390625,25511.650390625,0.0,39.280300819323074,5.76221954419816,12.204258135077213,25480.653871255803,25453.822751862725,53.83315873561763,25398.05078125,-0.0005804161503868083,1
2025-07-10 04:45:00+00:00,25398.05078125,25427.55078125,25375.80078125,25413.05078125,0.0,37.44133566923515,-1.4798543729120863,9.467435633479353,25472.78691030287,25451.635615760268,53.68436168307351,25368.69921875,-0.001155662013309646,0
2025-07-10 05:45:00+00:00,25368.69921875,25399.69921875,25357.400390625,25397.0,0.0,34.027428464673136,-9.478414656994572,5.678265575384568,25462.873796821645,25448.38320803437,52.87110928606826,25383.650390625,0.0005893550846292345,1
2025-07-10 06:45:00+00:00,25383.650390625,25410.75,25365.650390625,25368.25,0.0,37.17007551761995,-14.444390745302371,1.65373431124718,25455.32871051721,25445.844666175184,52.31600214956338,25395.25,0.00045697168045160714,1
2025-07-10 07:45:00+00:00,25395.25,25431.05078125,25357.099609375,25382.25,0.0,39.575001198737496,-17.24517934587857,-2.1260484201779697,25449.606928563186,25443.86056161929,53.86137141566599,25362.150390625,-0.0013033779693052835,0
2025-07-10 08:45:00+00:00,25362.150390625,25416.599609375,25343.349609375,25393.94921875,0.0,35.40991328123225,-21.883427808203123,-6.077524297783,25441.277734473835,25440.656241188142,55.246273457404136,25348.25,-0.0005480761848229641,1
2025-07-10 09:45:00+00:00,25348.25,25374.69921875,25345.55078125,25362.75,0.0,33.80103901095164,-26.376862433295173,-10.137391924885437,25432.417950238232,25437.032467023902,53.38214231758956,25256.75,-0.0036097166471058158,0
2025-07-11 03:45:00+00:00,25256.75,25322.400390625,25247.099609375,25255.5,0.0,25.566385231210603,-36.89591392094371,-15.48909632409709,25415.687669263163,25429.962566356306,56.79416005383315,25179.150390625,-0.0030724305136250706,0
2025-07-11 04:45:00+00:00,25179.150390625,25257.25,25149.849609375,25256.900390625,0.0,20.913124905491813,-50.907152000490896,-22.57270745937585,25393.160309392864,25420.126794759,60.4088908089165,25166.5,-0.0005024153090451433,1
2025-07-11 05:45:00+00:00,25166.5,25180.80078125,25136.75,25179.05078125,0.0,20.2655709661599,-62.31362721808182,-30.520891411117045,25371.57361326021,25410.18064594492,59.24045441185104,25155.69921875,-0.0004291729580990603,1
2025-07-11 06:45:00+00:00,25155.69921875,25205.150390625,25140.5,25166.55078125,0.0,19.704574661247065,-71.40179830345369,-38.697072789584375,25351.01414711638,25400.20098213336,59.626878427075965,25168.400390625,0.0005049023588870502,1
2025-07-11 07:45:00+00:00,25168.400390625,25191.55078125,25144.0,25155.69921875,0.0,22.42414946267452,-76.69526566175045,-46.2967113640176,25333.62236078387,25391.11076285852,58.76430005728482,25150.150390625,-0.0007251156099216364,1
2025-07-11 08:45:00+00:00,25150.150390625,25175.80078125,25150.150390625,25168.30078125,0.0,21.30742767950716,-81.4243894819374,-53.32224698760156,25316.14883981636,25381.66133649642,56.39902081212161,25140.55078125,-0.00038169192732057626,1
2025-07-11 09:45:00+00:00,25140.55078125,25153.599609375,25130.44921875,25149.80078125,0.0,20.722834763764183,-84.96741100650252,-59.65127979138176,25299.42521519099,25372.206020604404,54.02411865589864,25119.80078125,-0.0008253598014040128,1
2025-07-14 03:45:00+00:00,25119.80078125,25149.05078125,25042.099609375,25149.05078125,0.0,19.47879614918996,-88.43026364248362,-65.40707656160214,25282.31812624423,25362.30777592384,57.80462245726302,25063.94921875,-0.0022234078600531296,0
2025-07-14 04:45:00+00:00,25063.94921875,25127.05078125,25061.849609375,25120.75,0.0,16.59160800863897,-94.5909678314456,-71.24385481557084,25261.521087435256,25350.607440348394,58.33294741567281,25045.400390625,-0.0007400600744564178,1
2025-07-14 05:45:00+00:00,25045.400390625,25066.400390625,25019.80078125,25063.75,0.0,15.756324837955702,-99.81944922215187,-76.95897369688706,25240.93816392952,25338.638536437677,57.49485184133904,25026.349609375,-0.0007606498979002584,1
2025-07-14 06:45:00+00:00,25026.349609375,25060.94921875,25002.75,25046.44921875,0.0,14.925235987600844,-104.29801463684272,-82.42678188487818,25220.50115873385,25326.391911846986,57.545163763386256,25046.650390625,0.0008111762828724818,1
2025-07-14 07:45:00+00:00,25046.650390625,25058.55078125,25012.900390625,25027.25,0.0,19.7809667539766,-104.99884527927134,-86.94119456375682,25203.943942723483,25315.421656112787,56.69553711064437,25079.849609375,0.0013254953549567856,2
2025-07-14 08:45:00+00:00,25079.849609375,25108.5,25037.19921875,25046.849609375,0.0,27.108081950243616,-101.702990352067,-89.89355372141887,25192.12543478553,25306.183536632878,57.73876883488406,25087.099609375,0.0002890766935576004,1
2025-07-14 09:45:00+00:00,25087.099609375,25092.69921875,25077.099609375,25080.0,0.0,28.64093171889581,-97.3834118153427,-91.39152534020364,25182.122975222625,25297.592010073746,54.728828873463776,25128.25,0.00164030084249445,2
2025-07-15 03:45:00+00:00,25128.25,25155.69921875,25089.25,25093.0,0.0,36.76872737168176,-89.6066919225741,-91.03455865667772,25176.992215677616,25290.9511469336,55.7195989092878,25221.400390625,0.0037069987215584055,2
2025-07-15 04:45:00+00:00,25221.400390625,25243.69921875,25100.80078125,25128.25,0.0,50.51023537585545,-75.06186093767246,-87.84001911287669,25181.221565672604,25288.223666294045,61.94665880862438,25205.94921875,-0.00061262148951663,1
2025-07-15 05:45:00+00:00,25205.94921875,25228.30078125,25199.55078125,25221.19921875,0.0,48.62266707154384,-64.04350437898393,-83.08071616609814,25183.576580251403,25284.99721737075,59.57546889372264,25204.19921875,-6.942805386191224e-05,1
2025-07-15 06:45:00+00:00,25204.19921875,25220.400390625,25173.099609375,25206.19921875,0.0,48.40204533105903,-54.82064947541221,-77.42870282796096,25185.540641060797,25281.82866840523,58.69870549059959,25184.849609375,-0.0007677137133801643,1
2025-07-15 07:45:00+00:00,25184.849609375,25207.44921875,25159.5,25204.75,0.0,45.92097288124685,-48.51358784041804,-71.64567983045238,25185.47482851929,25278.025568051104,57.9308850091282,25201.900390625,0.0006770253352496847,1
2025-07-15 08:45:00+00:00,25201.900390625,25202.849609375,25156.05078125,25185.0,0.0,48.429582833312494,-41.65912010256216,-65.64836788487433,25187.03916776745,25275.04026697557,57.13573808883332,25219.650390625,0.0007043119655612529,1
2025-07-15 09:45:00+00:00,25219.650390625,25225.05078125,25198.099609375,25201.94921875,0.0,50.978912335284654,-34.39810839794882,-59.39831598748923,25190.14499851579,25272.868114961824,54.979697644988086,25141.75,-0.003088876705997408,0
2025-07-16 03:45:00+00:00,25141.75,25213.349609375,25127.849609375,25213.349609375,0.0,41.32390436738931,-34.53155650375993,-54.42496409074337,25185.53595103809,25267.72622810058,57.60977504534608,25145.75,0.00015909791482295385,1
2025-07-16 04:45:00+00:00,25145.75,25156.80078125,25121.19921875,25141.30078125,0.0,41.93204447416651,-33.923499532491405,-50.32467117909298,25181.74681284399,25262.94284660644,56.03775986353564,25179.099609375,0.0013262523239513636,2
2025-07-16 05:45:00+00:00,25179.099609375,25210.0,25127.75,25145.80078125,0.0,46.87573020921638,-30.40014133382647,-46.33976521003969,25181.494698227896,25259.65487651893,57.91006273042596,25214.599609375,0.0014098995019973706,2
2025-07-16 06:45:00+00:00,25214.599609375,25233.400390625,25171.400390625,25179.150390625,0.0,51.5994774901919,-24.46132631967339,-41.96407743196643,25184.64754690857,25257.8880032976,58.2022011068241,25243.75,0.001156091751469321,2
2025-07-16 07:45:00+00:00,25243.75,25255.30078125,25186.0,25214.75,0.0,55.12782619496796,-17.204259733716754,-37.0121138923165,25190.2763519649,25257.33357179573,58.99495683133666,25207.5,-0.0014359990096558554,0
2025-07-16 08:45:00+00:00,25207.5,25252.849609375,25207.25,25243.400390625,0.0,50.22455553275441,-14.214201756301918,-32.45253146511359,25191.916699396817,25255.37931407825,58.03814629874118,25198.55078125,-0.00035502206684518496,1
2025-07-16 09:45:00+00:00,25198.55078125,25215.650390625,25190.599609375,25209.19921875,0.0,49.06432934797908,-12.423476326628588,-28.44672043741659,25192.548516716168,25253.15074416342,55.68190593811681,25160.099609375,-0.0015259279078704458,0
2025-07-17 03:45:00+00:00,25160.099609375,25233.69921875,25159.69921875,25233.599609375,0.0,44.32630556518759,-13.946238189975702,-25.546623987928413,25189.45814458844,25249.501680054072,56.99034122825133,25178.900390625,0.0007472458989389124,1
2025-07-17 04:45:00+00:00,25178.900390625,25200.099609375,25144.0,25162.650390625,0.0,47.02027148504716,-13.480576322905108,-23.133414454923752,25188.452644210964,25246.733002037246,56.92671752444767,25184.30078125,0.00021448079706494082,1
2025-07-17 05:45:00+00:00,25184.30078125,25205.19921875,25167.099609375,25177.94921875,0.0,47.80159917444261,-12.531316333632276,-21.01299483066546,25188.057228690872,25244.284679653432,55.58192408520141,25167.099609375,-0.0006830116914663944,1
2025-07-17 06:45:00+00:00,25167.099609375,25210.44921875,25163.650390625,25184.05078125,0.0,45.4998853134741,-13.016960351054877,-19.413787934743343,25186.061264946504,25241.257814152315,54.95456008804416,25156.0,-0.0004410364939655296,1
2025-07-17 07:45:00+00:00,25156.0,25194.5,25149.25,25168.05078125,0.0,44.02669342248248,-14.134548174093652,-18.35793998261341,25183.19828733255,25237.91437046007,54.26137722461244,25120.599609375,-0.00140723448183336,0
2025-07-17 08:45:00+00:00,25120.599609375,25163.05078125,25102.30078125,25156.150390625,0.0,39.62058715359557,-17.673036482185125,-18.22095928252775,25177.23650847945,25233.313791593988,54.72485027999726,25109.5,-0.0004418528835934963,1
2025-07-17 09:45:00+00:00,25109.5,25121.900390625,25106.25,25120.099609375,0.0,38.325465222697694,-21.129393181035997,-18.8026460622294,25170.78541243379,25228.458348786386,51.93381744749746,25013.19921875,-0.003835232929767618,0
2025-07-18 03:45:00+00:00,25013.19921875,25144.19921875,25004.80078125,25108.55078125,0.0,29.35873841078839,-31.27868775214665,-21.29785440021285,25155.777203511527,25220.016814275157,58.181290308390494,24957.400390625,-0.0022307753453293957,0
2025-07-18 04:45:00+00:00,24957.400390625,25013.30078125,24925.599609375,25013.30078125,0.0,25.618643792539277,-43.32515055427575,-25.70331363102543,25136.88417371281,25209.718130994755,60.28985327743403,24933.599609375,-0.0009536562653753205,0
2025-07-18 05:45:00+00:00,24933.599609375,24976.55078125,24920.650390625,24958.400390625,0.0,24.202349373056464,-54.168166347346414,-31.396284174289622,25117.52373901397,25198.88995367633,59.9763202308316,24949.900390625,0.0006537676671390411,1
2025-07-18 06:45:00+00:00,24949.900390625,24991.19921875,24919.0,24933.400390625,0.0,27.1719495674741,-60.74575837784505,-37.26617901500071,25101.55961059597,25189.12565708609,60.8493844107722,24970.099609375,0.0008095911580308319,1
2025-07-18 07:45:00+00:00,24970.099609375,24994.25,24935.55078125,24949.25,0.0,30.790374552841428,-63.59554940313319,-42.53205309262721,25089.03961047969,25180.536400313107,60.695801149288464,24970.69921875,2.4013095036868703e-05,1
2025-07-18 08:45:00+00:00,24970.69921875,25005.19921875,24952.94921875,24969.349609375,0.0,30.900127618512528,-65.05572396677962,-47.03678726745769,25077.76909698162,25172.3074912322,60.092529638625,24965.55078125,-0.0002061791484050291,1
2025-07-18 09:45:00+00:00,24965.55078125,24978.400390625,24963.30078125,24971.0,0.0,30.453567382332693,-65.86906117229591,-50.80324204842534,25067.081638340514,25164.19938495839,56.87874961979465,25052.55078125,0.0034848019481845374,2
2025-07-21 03:45:00+00:00,25052.55078125,25070.75,24882.5,25031.19921875,0.0,44.935326919797866,-58.81547566468362,-52.405688771677,25065.69774718904,25159.821008342376,66.26241036123788,25065.69921875,0.0005248342819382944,1
2025-07-21 04:45:00+00:00,25065.69921875,25079.30078125,25035.44921875,25052.30078125,0.0,46.74035643166994,-51.57002219673086,-52.23855545668777,25065.697887337705,25156.12995777013,64.6616355140066,25044.75,-0.0008357723663391472,1
2025-07-21 05:45:00+00:00,25044.75,25071.30078125,25000.099609375,25065.55078125,0.0,44.25140362893797,-46.97685505292975,-51.18621537593617,25063.7028504484,25151.762116288945,65.12874525407756,25047.94921875,0.00012774009522953912,1
2025-07-21 06:45:00+00:00,25047.94921875,25059.19921875,25010.0,25044.44921875,0.0,44.73538934481785,-42.58766271744025,-49.466504844236994,25062.202504572364,25147.69102226781,63.99092193235773,25024.900390625,-0.0009201882327255147,0
2025-07-21 07:45:00+00:00,25024.900390625,25053.099609375,24988.099609375,25044.900390625,0.0,41.91226909518154,-40.50216027974966,-47.673635931339525,25058.649922291665,25142.875703379857,64.06299893718932,25088.099609375,0.002525453358994233,2
2025-07-21 08:45:00+00:00,25088.099609375,25090.55078125,25000.0,25024.900390625,0.0,51.03653340678768,-33.36512342366768,-44.811933429805165,25061.45465439484,25140.72762126202,65.95498338810437,25093.30078125,0.00020731629561357488,1
