Price,Close,High,Low,Open,Volume
Ticker,^NSEBANK,^NSEBANK,^NSEBANK,^NSEBANK,^NSEBANK
Datetime,,,,,
2025-05-19 03:45:00+00:00,55480.94921875,55511.25,55305.25,55331.3515625,0
2025-05-19 04:45:00+00:00,55587.3515625,55648.05078125,55474.44921875,55478.0,0
2025-05-19 05:45:00+00:00,55591.69921875,55671.1484375,55542.19921875,55588.3515625,0
2025-05-19 06:45:00+00:00,55542.05078125,55694.30078125,55522.1484375,55592.3984375,0
2025-05-19 07:45:00+00:00,55399.6015625,55599.5,55355.8984375,55542.05078125,0
2025-05-19 08:45:00+00:00,55417.1015625,55457.5,55303.6484375,55400.75,0
2025-05-19 09:45:00+00:00,55400.6484375,55450.94921875,55376.94921875,55418.30078125,0
2025-05-20 03:45:00+00:00,55194.3984375,55565.94921875,55121.1484375,55443.8515625,0
2025-05-20 04:45:00+00:00,55208.30078125,55344.94921875,55140.30078125,55196.05078125,0
2025-05-20 05:45:00+00:00,55122.19921875,55209.44921875,55074.3515625,55208.1015625,0
2025-05-20 06:45:00+00:00,55009.6484375,55209.05078125,55007.30078125,55131.1484375,0
2025-05-20 07:45:00+00:00,54965.5,55049.6015625,54931.94921875,55009.3984375,0
2025-05-20 08:45:00+00:00,54910.25,54975.05078125,54830.0,54962.8984375,0
2025-05-20 09:45:00+00:00,54932.3515625,54934.30078125,54854.3984375,54910.8515625,0
2025-05-21 03:45:00+00:00,55260.30078125,55265.44921875,54933.3515625,55069.5,0
2025-05-21 04:45:00+00:00,55218.1015625,55336.75,55163.8515625,55261.0,0
2025-05-21 05:45:00+00:00,54813.25,55233.8515625,54790.94921875,55219.25,0
2025-05-21 06:45:00+00:00,55011.1484375,55026.69921875,54690.80078125,54817.55078125,0
2025-05-21 07:45:00+00:00,55007.94921875,55109.3515625,54891.8984375,55012.94921875,0
2025-05-21 08:45:00+00:00,55066.8984375,55112.44921875,54990.3984375,55007.75,0
2025-05-21 09:45:00+00:00,55065.6015625,55097.44921875,55036.5,55066.6015625,0
2025-05-22 03:45:00+00:00,54849.5,54934.3984375,54719.8515625,54869.19921875,0
2025-05-22 04:45:00+00:00,54747.75,54889.6015625,54742.1484375,54849.80078125,0
2025-05-22 05:45:00+00:00,54644.80078125,54776.6015625,54588.80078125,54746.44921875,0
2025-05-22 06:45:00+00:00,54647.3515625,54671.80078125,54577.69921875,54646.6484375,0
2025-05-22 07:45:00+00:00,54653.75,54692.1015625,54616.25,54651.80078125,0
2025-05-22 08:45:00+00:00,54937.6484375,54995.94921875,54587.1484375,54653.5,0
2025-05-22 09:45:00+00:00,54963.25,54989.6015625,54889.80078125,54938.75,0
2025-05-23 03:45:00+00:00,55171.1484375,55200.6015625,54855.19921875,54959.30078125,0
2025-05-23 04:45:00+00:00,55309.25,55338.44921875,55002.94921875,55170.05078125,0
2025-05-23 05:45:00+00:00,55236.3984375,55431.80078125,55192.6484375,55311.8515625,0
2025-05-23 06:45:00+00:00,55362.25,55430.5,55230.6015625,55232.05078125,0
2025-05-23 07:45:00+00:00,55395.75,55438.94921875,55302.6015625,55361.69921875,0
2025-05-23 08:45:00+00:00,55391.25,55420.8984375,55303.1015625,55394.55078125,0
2025-05-23 09:45:00+00:00,55389.6015625,55426.1015625,55379.6484375,55391.25,0
2025-05-26 03:45:00+00:00,55741.3515625,55875.6015625,55520.44921875,55534.8984375,0
2025-05-26 04:45:00+00:00,55480.1015625,55760.1015625,55308.05078125,55739.55078125,0
2025-05-26 05:45:00+00:00,55531.1015625,55576.25,55406.80078125,55481.3515625,0
2025-05-26 06:45:00+00:00,55509.1015625,55611.1015625,55422.75,55531.19921875,0
2025-05-26 07:45:00+00:00,55527.1015625,55555.1484375,55456.8984375,55506.1484375,0
2025-05-26 08:45:00+00:00,55577.1015625,55598.3515625,55447.30078125,55528.94921875,0
2025-05-26 09:45:00+00:00,55558.8984375,55612.6484375,55548.3515625,55578.25,0
2025-05-27 03:45:00+00:00,55112.44921875,55493.94921875,55041.3515625,55483.8984375,0
2025-05-27 04:45:00+00:00,55354.3515625,55449.75,55054.69921875,55109.55078125,0
2025-05-27 05:45:00+00:00,55593.44921875,55828.44921875,55364.44921875,55365.6484375,0
2025-05-27 06:45:00+00:00,55411.5,55623.1015625,55340.8515625,55598.80078125,0
2025-05-27 07:45:00+00:00,55266.94921875,55529.75,55213.55078125,55412.55078125,0
2025-05-27 08:45:00+00:00,55384.55078125,55393.94921875,55110.05078125,55258.8984375,0
2025-05-27 09:45:00+00:00,55352.44921875,55406.1015625,55319.05078125,55386.55078125,0
2025-05-28 03:45:00+00:00,55335.6015625,55521.6015625,55236.55078125,55328.6015625,0
2025-05-28 04:45:00+00:00,55384.8984375,55463.05078125,55278.94921875,55335.30078125,0
2025-05-28 05:45:00+00:00,55318.5,55432.55078125,55303.80078125,55383.6015625,0
2025-05-28 06:45:00+00:00,55433.55078125,55506.8515625,55311.30078125,55319.94921875,0
2025-05-28 07:45:00+00:00,55415.05078125,55464.6484375,55345.6015625,55433.19921875,0
2025-05-28 08:45:00+00:00,55407.75,55478.25,55335.5,55415.6015625,0
2025-05-28 09:45:00+00:00,55447.55078125,55454.25,55396.1015625,55410.05078125,0
2025-05-29 03:45:00+00:00,55350.80078125,55725.3515625,55319.0,55589.3515625,0
2025-05-29 04:45:00+00:00,55213.1015625,55385.0,55196.8984375,55351.55078125,0
2025-05-29 05:45:00+00:00,55191.44921875,55241.30078125,55150.6015625,55197.25,0
2025-05-29 06:45:00+00:00,55266.3515625,55282.3984375,55096.69921875,55189.6484375,0
2025-05-29 07:45:00+00:00,55201.25,55302.25,55187.94921875,55261.6015625,0
2025-05-29 08:45:00+00:00,55591.80078125,55594.8515625,55177.69921875,55201.55078125,0
2025-05-29 09:45:00+00:00,55765.19921875,55781.1015625,55566.0,55591.0,0
2025-05-30 03:45:00+00:00,55559.8515625,55695.55078125,55461.8984375,55611.3984375,0
2025-05-30 04:45:00+00:00,55460.8515625,55562.1484375,55356.8515625,55557.1015625,0
2025-05-30 05:45:00+00:00,55430.5,55551.44921875,55426.8515625,55462.94921875,0
2025-05-30 06:45:00+00:00,55557.8515625,55581.94921875,55402.25,55415.80078125,0
2025-05-30 07:45:00+00:00,55624.1484375,55776.3984375,55557.5,55557.5,0
2025-05-30 08:45:00+00:00,55755.75,55812.6015625,55618.1015625,55626.0,0
2025-05-30 09:45:00+00:00,55755.69921875,55778.8984375,55729.05078125,55755.44921875,0
2025-06-02 03:45:00+00:00,55585.25,55683.3515625,55401.94921875,55598.25,0
2025-06-02 04:45:00+00:00,55615.69921875,55686.44921875,55551.5,55585.55078125,0
2025-06-02 05:45:00+00:00,55726.1015625,55752.19921875,55572.8515625,55616.55078125,0
2025-06-02 06:45:00+00:00,55780.8984375,55834.8515625,55690.25,55725.1015625,0
2025-06-02 07:45:00+00:00,55787.1484375,55872.1015625,55759.05078125,55781.25,0
2025-06-02 08:45:00+00:00,55918.30078125,55964.0,55702.75,55787.94921875,0
2025-06-02 09:45:00+00:00,55862.05078125,55921.8515625,55811.5,55918.0,0
2025-06-03 03:45:00+00:00,55841.6484375,56143.8984375,55716.5,56104.80078125,0
2025-06-03 04:45:00+00:00,55706.80078125,56016.3984375,55704.19921875,55841.94921875,0
2025-06-03 05:45:00+00:00,55680.05078125,55805.30078125,55660.80078125,55709.44921875,0
2025-06-03 06:45:00+00:00,55524.1015625,55727.25,55459.75,55683.25,0
2025-06-03 07:45:00+00:00,55647.6015625,55659.44921875,55467.69921875,55523.1484375,0
2025-06-03 08:45:00+00:00,55600.94921875,55722.1015625,55582.19921875,55650.3515625,0
2025-06-03 09:45:00+00:00,55540.0,55635.8515625,55525.3515625,55598.80078125,0
2025-06-04 03:45:00+00:00,55522.44921875,55779.5,55408.44921875,55652.1484375,0
2025-06-04 04:45:00+00:00,55595.5,55641.6015625,55493.3984375,55522.44921875,0
2025-06-04 05:45:00+00:00,55686.05078125,55702.3515625,55588.6484375,55594.5,0
2025-06-04 06:45:00+00:00,55645.3984375,55700.19921875,55624.55078125,55687.05078125,0
2025-06-04 07:45:00+00:00,55670.6484375,55690.05078125,55597.19921875,55645.55078125,0
2025-06-04 08:45:00+00:00,55666.30078125,55738.0,55624.30078125,55670.1015625,0
2025-06-04 09:45:00+00:00,55665.55078125,55693.6015625,55656.30078125,55665.55078125,0
2025-06-05 03:45:00+00:00,55748.80078125,55849.44921875,55586.44921875,55798.1484375,0
2025-06-05 04:45:00+00:00,55718.44921875,55781.6484375,55666.6484375,55744.6015625,0
2025-06-05 05:45:00+00:00,55953.75,55970.55078125,55694.1484375,55720.25,0
2025-06-05 06:45:00+00:00,55788.25,56009.1484375,55773.6015625,55968.55078125,0
2025-06-05 07:45:00+00:00,55676.8515625,55796.94921875,55629.25,55762.5,0
2025-06-05 08:45:00+00:00,55770.19921875,55783.3515625,55659.1015625,55677.1015625,0
2025-06-05 09:45:00+00:00,55809.75,55841.5,55753.69921875,55764.5,0
2025-06-06 03:45:00+00:00,55690.55078125,55992.55078125,55560.3515625,55699.44921875,0
2025-06-06 04:45:00+00:00,56567.8515625,56577.1015625,55536.5,55691.3984375,0
2025-06-06 05:45:00+00:00,56591.8984375,56649.80078125,56478.6015625,56569.3515625,0
2025-06-06 06:45:00+00:00,56568.3515625,56627.30078125,56454.8515625,56590.5,0
2025-06-06 07:45:00+00:00,56636.69921875,56638.05078125,56495.94921875,56567.75,0
2025-06-06 08:45:00+00:00,56571.1484375,56693.6484375,56548.1015625,56634.30078125,0
2025-06-06 09:45:00+00:00,56584.80078125,56594.05078125,56539.8984375,56571.1484375,0
2025-06-09 03:45:00+00:00,56996.3515625,57008.30078125,56793.25,57002.0,0
2025-06-09 04:45:00+00:00,56947.8984375,57032.55078125,56942.8515625,56991.25,0
2025-06-09 05:45:00+00:00,56933.55078125,56956.05078125,56856.6484375,56949.8515625,0
2025-06-09 06:45:00+00:00,56935.05078125,56981.94921875,56878.94921875,56934.6484375,0
2025-06-09 07:45:00+00:00,56850.0,56955.30078125,56845.1015625,56937.55078125,0
2025-06-09 08:45:00+00:00,56851.0,56893.1484375,56827.05078125,56847.19921875,0
2025-06-09 09:45:00+00:00,56846.19921875,56857.44921875,56811.3984375,56851.30078125,0
2025-06-10 03:45:00+00:00,56781.69921875,57012.6015625,56570.44921875,56993.8984375,0
2025-06-10 04:45:00+00:00,56666.8515625,56804.69921875,56602.80078125,56783.6484375,0
2025-06-10 05:45:00+00:00,56610.1015625,56676.69921875,56573.3984375,56670.30078125,0
2025-06-10 06:45:00+00:00,56688.3515625,56732.55078125,56586.30078125,56608.05078125,0
2025-06-10 07:45:00+00:00,56652.05078125,56709.8984375,56639.1484375,56676.8984375,0
2025-06-10 08:45:00+00:00,56647.3515625,56679.80078125,56591.8515625,56652.30078125,0
2025-06-10 09:45:00+00:00,56579.55078125,56653.80078125,56565.1015625,56648.05078125,0
2025-06-11 03:45:00+00:00,56621.3515625,56662.55078125,56444.3515625,56640.75,0
2025-06-11 04:45:00+00:00,56713.69921875,56723.1484375,56568.25,56619.6484375,0
2025-06-11 05:45:00+00:00,56743.25,56780.44921875,56674.19921875,56711.3984375,0
2025-06-11 06:45:00+00:00,56666.80078125,56781.5,56664.30078125,56743.25,0
2025-06-11 07:45:00+00:00,56423.0,56672.5,56400.44921875,56667.75,0
2025-06-11 08:45:00+00:00,56454.75,56507.30078125,56411.1484375,56425.75,0
2025-06-11 09:45:00+00:00,56438.05078125,56473.25,56416.3515625,56454.6484375,0
2025-06-12 03:45:00+00:00,56395.80078125,56611.0,56383.0,56454.69921875,0
2025-06-12 04:45:00+00:00,56268.1015625,56439.05078125,56242.1015625,56397.75,0
2025-06-12 05:45:00+00:00,56257.94921875,56354.05078125,56197.30078125,56267.75,0
2025-06-12 06:45:00+00:00,56245.0,56333.55078125,56209.80078125,56259.80078125,0
2025-06-12 07:45:00+00:00,56012.75,56263.05078125,55969.80078125,56245.0,0
2025-06-12 08:45:00+00:00,56076.8984375,56205.69921875,56004.25,56015.0,0
2025-06-12 09:45:00+00:00,55997.80078125,56081.19921875,55980.44921875,56076.1015625,0
2025-06-13 03:45:00+00:00,55455.8984375,55514.8984375,55165.5,55165.5,0
2025-06-13 04:45:00+00:00,55446.55078125,55591.0,55380.8515625,55452.8515625,0
2025-06-13 05:45:00+00:00,55471.80078125,55542.55078125,55419.0,55440.75,0
2025-06-13 06:45:00+00:00,55501.55078125,55553.6484375,55440.0,55471.8515625,0
2025-06-13 07:45:00+00:00,55560.8984375,55687.5,55480.55078125,55498.0,0
2025-06-13 08:45:00+00:00,55546.8515625,55586.44921875,55376.19921875,55560.6484375,0
2025-06-13 09:45:00+00:00,55577.1015625,55581.3515625,55514.3515625,55545.75,0
2025-06-16 03:45:00+00:00,55477.30078125,55601.8984375,55382.25,55565.8515625,0
2025-06-16 04:45:00+00:00,55739.6015625,55801.6484375,55469.19921875,55476.8984375,0
2025-06-16 05:45:00+00:00,55809.30078125,55842.3984375,55657.3515625,55736.69921875,0
2025-06-16 06:45:00+00:00,55876.1484375,55914.19921875,55739.55078125,55810.3984375,0
2025-06-16 07:45:00+00:00,55945.3515625,55956.0,55836.6484375,55876.80078125,0
2025-06-16 08:45:00+00:00,55957.3515625,55961.1015625,55857.69921875,55947.19921875,0
2025-06-16 09:45:00+00:00,55973.5,55999.1484375,55942.3515625,55957.6015625,0
2025-06-17 03:45:00+00:00,55850.3984375,56067.30078125,55788.8515625,55983.0,0
2025-06-17 04:45:00+00:00,55826.05078125,55958.3515625,55795.25,55846.8515625,0
2025-06-17 05:45:00+00:00,55728.0,55826.5,55721.0,55821.19921875,0
2025-06-17 06:45:00+00:00,55683.94921875,55750.19921875,55654.0,55728.0,0
2025-06-17 07:45:00+00:00,55715.80078125,55725.6015625,55643.94921875,55683.25,0
2025-06-17 08:45:00+00:00,55742.75,55769.75,55679.25,55715.19921875,0
2025-06-17 09:45:00+00:00,55678.69921875,55743.6015625,55660.1015625,55742.44921875,0
2025-06-18 03:45:00+00:00,55889.3984375,55933.44921875,55528.44921875,55567.80078125,0
2025-06-18 04:45:00+00:00,55752.8984375,55908.0,55715.6015625,55889.3984375,0
2025-06-18 05:45:00+00:00,55776.19921875,55799.69921875,55612.19921875,55752.6015625,0
2025-06-18 06:45:00+00:00,55770.1484375,55793.25,55712.30078125,55776.8984375,0
2025-06-18 07:45:00+00:00,55694.69921875,55831.3984375,55681.6484375,55770.5,0
2025-06-18 08:45:00+00:00,55823.25,55858.94921875,55641.1015625,55695.8515625,0
2025-06-18 09:45:00+00:00,55802.8515625,55857.8515625,55775.05078125,55827.19921875,0
2025-06-19 03:45:00+00:00,55809.94921875,55941.94921875,55685.75,55803.19921875,0
2025-06-19 04:45:00+00:00,55685.3515625,55818.05078125,55662.05078125,55808.6015625,0
2025-06-19 05:45:00+00:00,55653.8984375,55694.05078125,55612.3515625,55686.5,0
2025-06-19 06:45:00+00:00,55653.30078125,55706.80078125,55543.0,55653.19921875,0
2025-06-19 07:45:00+00:00,55678.25,55710.3515625,55592.69921875,55652.94921875,0
2025-06-19 08:45:00+00:00,55565.6015625,55705.3515625,55562.1484375,55677.1015625,0
2025-06-19 09:45:00+00:00,55497.05078125,55597.8984375,55482.3984375,55570.25,0
2025-06-20 03:45:00+00:00,55799.69921875,55833.6015625,55566.69921875,55566.69921875,0
2025-06-20 04:45:00+00:00,56132.8984375,56134.69921875,55796.25,55798.19921875,0
2025-06-20 05:45:00+00:00,56165.75,56198.3984375,56095.3515625,56133.94921875,0
2025-06-20 06:45:00+00:00,56168.6015625,56186.8984375,56027.44921875,56167.0,0
2025-06-20 07:45:00+00:00,56155.0,56242.1015625,56137.80078125,56169.3515625,0
2025-06-20 08:45:00+00:00,56239.1484375,56294.80078125,56067.0,56156.25,0
2025-06-20 09:45:00+00:00,56216.5,56323.25,56208.69921875,56240.94921875,0
2025-06-23 03:45:00+00:00,55828.3984375,56057.44921875,55782.80078125,55855.3515625,0
2025-06-23 04:45:00+00:00,55917.69921875,55950.80078125,55811.55078125,55826.69921875,0
2025-06-23 05:45:00+00:00,55914.0,55949.1015625,55856.8984375,55917.6015625,0
2025-06-23 06:45:00+00:00,55973.55078125,55975.6484375,55902.5,55914.1015625,0
2025-06-23 07:45:00+00:00,56125.44921875,56231.8984375,55961.30078125,55976.25,0
2025-06-23 08:45:00+00:00,56063.19921875,56129.8984375,56011.8984375,56125.69921875,0
2025-06-23 09:45:00+00:00,56034.55078125,56085.80078125,56021.55078125,56057.25,0
2025-06-24 03:45:00+00:00,56619.6015625,56728.0,56461.44921875,56529.44921875,0
2025-06-24 04:45:00+00:00,56692.80078125,56711.8515625,56487.19921875,56620.6484375,0
2025-06-24 05:45:00+00:00,56826.19921875,56860.8515625,56653.55078125,56691.75,0
2025-06-24 06:45:00+00:00,56566.05078125,56840.3515625,56488.6484375,56831.30078125,0
2025-06-24 07:45:00+00:00,56370.6484375,56614.6015625,56278.3515625,56566.44921875,0
2025-06-24 08:45:00+00:00,56457.6484375,56513.3515625,56349.69921875,56372.0,0
2025-06-24 09:45:00+00:00,56471.3984375,56506.6484375,56440.80078125,56457.75,0
2025-06-25 03:45:00+00:00,56567.25,56663.5,56435.3984375,56566.0,0
2025-06-25 04:45:00+00:00,56566.0,56646.75,56561.25,56571.1015625,0
2025-06-25 05:45:00+00:00,56564.55078125,56619.80078125,56519.94921875,56566.8984375,0
2025-06-25 06:45:00+00:00,56610.30078125,56634.55078125,56529.75,56564.19921875,0
2025-06-25 07:45:00+00:00,56625.3984375,56643.3984375,56567.05078125,56609.44921875,0
2025-06-25 08:45:00+00:00,56616.94921875,56681.05078125,56586.94921875,56622.05078125,0
2025-06-25 09:45:00+00:00,56591.0,56629.69921875,56564.30078125,56617.19921875,0
2025-06-26 03:45:00+00:00,56695.69921875,56802.5,56569.55078125,56689.8515625,0
2025-06-26 04:45:00+00:00,56609.75,56743.75,56560.5,56693.19921875,0
2025-06-26 05:45:00+00:00,56989.8515625,57033.6015625,56567.3984375,56609.75,0
2025-06-26 06:45:00+00:00,56861.69921875,57027.0,56804.5,56997.75,0
2025-06-26 07:45:00+00:00,57150.1484375,57157.0,56843.75,56863.44921875,0
2025-06-26 08:45:00+00:00,57187.8515625,57250.75,57092.05078125,57156.1015625,0
2025-06-26 09:45:00+00:00,57173.8515625,57246.55078125,57143.6484375,57184.05078125,0
2025-06-27 03:45:00+00:00,57159.5,57251.8515625,56995.05078125,57228.30078125,0
2025-06-27 04:45:00+00:00,57294.6015625,57340.19921875,57158.1015625,57160.1015625,0
2025-06-27 05:45:00+00:00,57352.80078125,57381.0,57263.6015625,57296.05078125,0
2025-06-27 06:45:00+00:00,57370.05078125,57413.0,57315.69921875,57352.44921875,0
2025-06-27 07:45:00+00:00,57379.3515625,57435.8515625,57341.6484375,57374.1484375,0
2025-06-27 08:45:00+00:00,57451.94921875,57461.30078125,57312.25,57380.5,0
2025-06-27 09:45:00+00:00,57399.94921875,57472.75,57380.1484375,57452.05078125,0
2025-06-30 03:45:00+00:00,57414.5,57605.3515625,57323.80078125,57529.25,0
2025-06-30 04:45:00+00:00,57358.80078125,57470.05078125,57297.80078125,57415.8984375,0
2025-06-30 05:45:00+00:00,57496.5,57509.0,57332.25,57358.0,0
2025-06-30 06:45:00+00:00,57347.3515625,57524.75,57310.6484375,57496.0,0
2025-06-30 07:45:00+00:00,57248.1484375,57388.05078125,57212.6484375,57349.8515625,0
2025-06-30 08:45:00+00:00,57332.1484375,57340.6015625,57196.19921875,57252.25,0
2025-06-30 09:45:00+00:00,57278.1484375,57341.0,57261.1484375,57331.1484375,0
2025-07-01 03:45:00+00:00,57205.94921875,57422.1015625,57197.80078125,57376.69921875,0
2025-07-01 04:45:00+00:00,57213.1015625,57262.80078125,57151.75,57202.69921875,0
2025-07-01 05:45:00+00:00,57283.80078125,57303.44921875,57189.1484375,57211.55078125,0
2025-07-01 06:45:00+00:00,57439.1484375,57460.5,57271.44921875,57284.6015625,0
2025-07-01 07:45:00+00:00,57530.3515625,57530.3515625,57401.5,57439.3984375,0
2025-07-01 08:45:00+00:00,57441.8984375,57533.3515625,57406.80078125,57530.3515625,0
2025-07-01 09:45:00+00:00,57442.69921875,57501.30078125,57425.8984375,57439.05078125,0
2025-07-02 03:45:00+00:00,57268.3515625,57590.25,57209.75,57535.30078125,0
2025-07-02 04:45:00+00:00,57202.05078125,57278.75,57153.30078125,57268.94921875,0
2025-07-02 05:45:00+00:00,57158.30078125,57235.30078125,57138.69921875,57201.3984375,0
2025-07-02 06:45:00+00:00,57043.30078125,57177.6484375,57043.30078125,57155.75,0
2025-07-02 07:45:00+00:00,56888.1484375,57050.75,56852.5,57042.30078125,0
2025-07-02 08:45:00+00:00,57017.05078125,57066.1015625,56834.1015625,56891.8984375,0
2025-07-02 09:45:00+00:00,56972.1484375,57019.5,56951.80078125,57018.69921875,0
2025-07-03 03:45:00+00:00,57119.3515625,57190.19921875,56895.3984375,57022.19921875,0
2025-07-03 04:45:00+00:00,57103.25,57158.44921875,57061.44921875,57121.05078125,0
2025-07-03 05:45:00+00:00,56989.75,57135.5,56956.69921875,57103.6015625,0
2025-07-03 06:45:00+00:00,56978.80078125,57048.3984375,56949.8515625,56989.3515625,0
2025-07-03 07:45:00+00:00,56923.30078125,57116.1484375,56907.25,56978.55078125,0
2025-07-03 08:45:00+00:00,56794.1484375,56945.94921875,56767.44921875,56921.8515625,0
2025-07-03 09:45:00+00:00,56772.75,56832.6015625,56765.80078125,56798.94921875,0
2025-07-04 03:45:00+00:00,56795.6015625,56920.8984375,56680.19921875,56825.6484375,0
2025-07-04 04:45:00+00:00,56855.69921875,56898.19921875,56776.3984375,56796.3515625,0
2025-07-04 05:45:00+00:00,56639.05078125,56861.75,56628.8984375,56855.5,0
2025-07-04 06:45:00+00:00,56752.1015625,56759.3515625,56623.6015625,56639.30078125,0
2025-07-04 07:45:00+00:00,56864.44921875,56872.19921875,56728.3515625,56751.25,0
2025-07-04 08:45:00+00:00,57045.55078125,57056.30078125,56793.8515625,56863.55078125,0
2025-07-04 09:45:00+00:00,57044.80078125,57072.19921875,56997.8984375,57044.8515625,0
2025-07-07 03:45:00+00:00,56919.3515625,57064.75,56854.05078125,56938.69921875,0
2025-07-07 04:45:00+00:00,57021.69921875,57152.19921875,56896.1015625,56920.25,0
2025-07-07 05:45:00+00:00,56909.8515625,57042.6015625,56899.8984375,57028.3984375,0
2025-07-07 06:45:00+00:00,56950.6484375,56985.19921875,56838.8515625,56909.94921875,0
2025-07-07 07:45:00+00:00,56965.94921875,57029.5,56909.30078125,56947.3515625,0
2025-07-07 08:45:00+00:00,56947.1015625,56986.69921875,56856.1015625,56975.44921875,0
2025-07-07 09:45:00+00:00,56919.8515625,56965.3515625,56913.3515625,56947.8515625,0
2025-07-08 03:45:00+00:00,57146.80078125,57257.55078125,56941.30078125,56996.19921875,0
2025-07-08 04:45:00+00:00,57087.5,57220.5,57077.1015625,57147.0,0
2025-07-08 05:45:00+00:00,57110.8984375,57175.80078125,57060.69921875,57087.3984375,0
2025-07-08 06:45:00+00:00,57147.8984375,57200.0,57076.6484375,57103.44921875,0
2025-07-08 07:45:00+00:00,57094.30078125,57169.1015625,57074.30078125,57146.05078125,0
2025-07-08 08:45:00+00:00,57271.3515625,57287.75,57081.55078125,57094.55078125,0
2025-07-08 09:45:00+00:00,57240.8515625,57302.1015625,57220.6015625,57272.1015625,0
2025-07-09 03:45:00+00:00,57193.8515625,57231.1484375,57038.69921875,57168.8515625,0
2025-07-09 04:45:00+00:00,57186.0,57217.8984375,57127.80078125,57193.94921875,0
2025-07-09 05:45:00+00:00,57197.44921875,57217.0,57097.19921875,57186.69921875,0
2025-07-09 06:45:00+00:00,57268.44921875,57270.75,57174.5,57201.8984375,0
2025-07-09 07:45:00+00:00,57212.8984375,57290.6484375,57187.0,57267.44921875,0
2025-07-09 08:45:00+00:00,57218.0,57246.8515625,57154.5,57221.55078125,0
2025-07-09 09:45:00+00:00,57187.8515625,57230.69921875,57170.05078125,57218.0,0
2025-07-10 03:45:00+00:00,57184.6484375,57361.30078125,57152.80078125,57339.75,0
2025-07-10 04:45:00+00:00,57187.1484375,57280.1015625,57116.55078125,57180.69921875,0
2025-07-10 05:45:00+00:00,57058.8984375,57194.05078125,57023.94921875,57187.1015625,0
2025-07-10 06:45:00+00:00,57075.30078125,57203.3515625,57039.69921875,57058.5,0
2025-07-10 07:45:00+00:00,57098.6484375,57172.55078125,56994.5,57074.30078125,0
2025-07-10 08:45:00+00:00,57002.25,57150.5,56976.5,57097.3984375,0
2025-07-10 09:45:00+00:00,56956.94921875,57046.6484375,56946.1484375,57005.8515625,0
2025-07-11 03:45:00+00:00,56816.5,57090.30078125,56808.0,56843.44921875,0
2025-07-11 04:45:00+00:00,56689.3515625,56823.1484375,56647.19921875,56814.6015625,0
2025-07-11 05:45:00+00:00,56661.25,56736.19921875,56608.80078125,56689.0,0
2025-07-11 06:45:00+00:00,56734.05078125,56837.94921875,56639.44921875,56660.1484375,0
2025-07-11 07:45:00+00:00,56760.3984375,56816.30078125,56679.44921875,56733.94921875,0
2025-07-11 08:45:00+00:00,56760.80078125,56799.75,56706.0,56761.6015625,0
2025-07-11 09:45:00+00:00,56712.8515625,56764.75,56695.69921875,56760.8515625,0
2025-07-14 03:45:00+00:00,56848.0,56895.5,56653.5,56765.55078125,0
2025-07-14 04:45:00+00:00,56673.5,56892.5,56659.8984375,56849.1015625,0
2025-07-14 05:45:00+00:00,56659.44921875,56699.55078125,56597.69921875,56673.5,0
2025-07-14 06:45:00+00:00,56648.80078125,56728.44921875,56617.8984375,56659.8984375,0
2025-07-14 07:45:00+00:00,56665.55078125,56726.0,56595.19921875,56650.19921875,0
2025-07-14 08:45:00+00:00,56764.3515625,56830.6484375,56622.05078125,56669.30078125,0
2025-07-14 09:45:00+00:00,56763.6015625,56791.1015625,56732.44921875,56764.8515625,0
2025-07-15 03:45:00+00:00,57036.5,57063.05078125,56730.0,56730.0,0
2025-07-15 04:45:00+00:00,57078.44921875,57134.44921875,56989.8984375,57038.0,0
2025-07-15 05:45:00+00:00,57054.94921875,57114.75,57034.6484375,57077.94921875,0
2025-07-15 06:45:00+00:00,57034.8515625,57117.1015625,56992.05078125,57056.44921875,0
2025-07-15 07:45:00+00:00,56983.69921875,57048.1484375,56915.3984375,57038.44921875,0
2025-07-15 08:45:00+00:00,57038.3515625,57042.8984375,56908.19921875,56983.6484375,0
2025-07-15 09:45:00+00:00,57049.6015625,57076.80078125,57011.8515625,57043.5,0
2025-07-16 03:45:00+00:00,57023.1015625,57158.3515625,56991.55078125,57111.25,0
2025-07-16 04:45:00+00:00,57030.80078125,57085.3984375,56938.44921875,57024.0,0
2025-07-16 05:45:00+00:00,57109.94921875,57173.55078125,56984.6484375,57030.6484375,0
2025-07-16 06:45:00+00:00,57249.6015625,57271.0,57102.80078125,57113.5,0
2025-07-16 07:45:00+00:00,57237.69921875,57276.55078125,57163.44921875,57251.8515625,0
2025-07-16 08:45:00+00:00,57179.05078125,57252.6484375,57153.75,57239.6015625,0
2025-07-16 09:45:00+00:00,57108.3984375,57195.1484375,57084.1484375,57181.25,0
2025-07-17 03:45:00+00:00,56992.6015625,57251.3515625,56981.55078125,57231.94921875,0
2025-07-17 04:45:00+00:00,56991.6015625,57037.44921875,56916.8984375,56990.6015625,0
2025-07-17 05:45:00+00:00,56955.80078125,57039.1015625,56953.94921875,56992.69921875,0
2025-07-17 06:45:00+00:00,56896.30078125,56960.69921875,56868.75,56955.5,0
2025-07-17 07:45:00+00:00,56862.80078125,56956.05078125,56835.0,56894.6015625,0
2025-07-17 08:45:00+00:00,56854.25,56909.1015625,56817.3515625,56861.3984375,0
2025-07-17 09:45:00+00:00,56805.1015625,56852.19921875,56782.19921875,56849.5,0
2025-07-18 03:45:00+00:00,56408.8984375,56692.94921875,56404.05078125,56558.8984375,0
2025-07-18 04:45:00+00:00,56311.3515625,56411.5,56206.3984375,56410.8984375,0
2025-07-18 05:45:00+00:00,56275.8515625,56376.44921875,56268.1015625,56316.6015625,0
2025-07-18 06:45:00+00:00,56273.5,56376.5,56240.80078125,56274.05078125,0
2025-07-18 07:45:00+00:00,56303.8984375,56364.5,56245.30078125,56274.75,0
2025-07-18 08:45:00+00:00,56280.80078125,56431.94921875,56264.44921875,56303.44921875,0
2025-07-18 09:45:00+00:00,56253.69921875,56307.6015625,56237.8984375,56280.05078125,0
2025-07-21 03:45:00+00:00,56720.6015625,56760.3984375,56259.1015625,56622.3515625,0
2025-07-21 04:45:00+00:00,56769.25,56810.19921875,56633.0,56725.19921875,0
2025-07-21 05:45:00+00:00,56777.8984375,56827.1484375,56639.1484375,56770.1015625,0
2025-07-21 06:45:00+00:00,56895.1015625,56928.6015625,56690.69921875,56776.44921875,0
2025-07-21 07:45:00+00:00,56816.8984375,56923.05078125,56733.30078125,56894.3984375,0
2025-07-21 08:45:00+00:00,56954.30078125,56966.19921875,56757.8515625,56817.6484375,0
2025-07-21 09:45:00+00:00,56916.75,56982.3515625,56901.30078125,56953.05078125,0
2025-07-22 03:45:00+00:00,57029.1015625,57262.75,56918.6484375,57262.75,0
2025-07-22 04:45:00+00:00,56916.05078125,57122.30078125,56864.0,57029.75,0
2025-07-22 05:45:00+00:00,56882.6015625,56923.1015625,56812.05078125,56917.1484375,0
2025-07-22 06:45:00+00:00,56888.44921875,56969.69921875,56873.94921875,56884.69921875,0
2025-07-22 07:45:00+00:00,56827.19921875,56897.30078125,56794.30078125,56887.75,0
2025-07-22 08:45:00+00:00,56769.5,56841.6015625,56735.6484375,56828.0,0
2025-07-22 09:45:00+00:00,56721.75,56784.8984375,56693.44921875,56771.25,0
2025-07-23 03:45:00+00:00,56761.1015625,56918.1484375,56716.8984375,56918.1484375,0
2025-07-23 04:45:00+00:00,56862.55078125,56881.69921875,56727.30078125,56759.25,0
2025-07-23 05:45:00+00:00,56939.69921875,56957.3515625,56785.25,56859.44921875,0
2025-07-23 06:45:00+00:00,57049.5,57096.25,56934.1484375,56938.19921875,0
2025-07-23 07:45:00+00:00,57192.3515625,57192.3515625,57025.94921875,57050.5,0
2025-07-23 08:45:00+00:00,57212.8984375,57248.5,57138.05078125,57192.25,0
2025-07-23 09:45:00+00:00,57191.6484375,57219.44921875,57176.19921875,57210.44921875,0
2025-07-24 03:45:00+00:00,57000.05078125,57316.6015625,56995.0,57316.6015625,0
2025-07-24 04:45:00+00:00,57031.30078125,57107.25,56982.55078125,56998.05078125,0
2025-07-24 05:45:00+00:00,56905.94921875,57078.69921875,56852.30078125,57031.30078125,0
2025-07-24 06:45:00+00:00,56931.80078125,56981.75,56854.1484375,56905.44921875,0
2025-07-24 07:45:00+00:00,57107.75,57148.69921875,56913.05078125,56931.8984375,0
2025-07-24 08:45:00+00:00,57075.05078125,57151.05078125,57050.94921875,57106.8515625,0
2025-07-24 09:45:00+00:00,57033.69921875,57086.69921875,57001.55078125,57074.75,0
2025-07-25 03:45:00+00:00,56941.80078125,57170.69921875,56869.44921875,57170.69921875,0
2025-07-25 04:45:00+00:00,56657.75,56940.94921875,56644.6484375,56940.94921875,0
2025-07-25 05:45:00+00:00,56547.69921875,56778.80078125,56526.75,56659.55078125,0
2025-07-25 06:45:00+00:00,56554.55078125,56600.30078125,56465.25,56547.3515625,0
2025-07-25 07:45:00+00:00,56504.1484375,56610.8984375,56440.75,56554.25,0
2025-07-25 08:45:00+00:00,56551.8984375,56564.1484375,56463.8515625,56504.25,0
2025-07-25 09:45:00+00:00,56520.44921875,56553.55078125,56475.75,56550.05078125,0
2025-07-28 03:45:00+00:00,56476.1015625,56522.1015625,56190.6015625,56254.94921875,0
2025-07-28 04:45:00+00:00,56418.0,56577.1484375,56331.6015625,56478.6015625,0
2025-07-28 05:45:00+00:00,56361.05078125,56477.3984375,56335.5,56418.1015625,0
2025-07-28 06:45:00+00:00,56163.0,56414.1484375,56148.30078125,56361.30078125,0
2025-07-28 07:45:00+00:00,56060.30078125,56176.3984375,55998.3984375,56162.94921875,0
2025-07-28 08:45:00+00:00,56074.5,56178.55078125,56040.3515625,56064.75,0
2025-07-28 09:45:00+00:00,56053.30078125,56113.3515625,56051.94921875,56074.3984375,0
2025-07-29 03:45:00+00:00,56048.0,56148.0,55863.3984375,55863.3984375,0
2025-07-29 04:45:00+00:00,55962.69921875,56067.05078125,55897.94921875,56049.8515625,0
2025-07-29 05:45:00+00:00,56037.19921875,56094.44921875,55955.69921875,55963.8984375,0
2025-07-29 06:45:00+00:00,56084.55078125,56102.94921875,55980.94921875,56040.80078125,0
2025-07-29 07:45:00+00:00,56244.55078125,56295.6484375,56075.05078125,56083.30078125,0
2025-07-29 08:45:00+00:00,56205.5,56282.75,56082.1015625,56251.3515625,0
2025-07-29 09:45:00+00:00,56230.1484375,56279.30078125,56202.3984375,56207.44921875,0
2025-07-30 03:45:00+00:00,56201.94921875,56292.8984375,56106.1015625,56292.8984375,0
2025-07-30 04:45:00+00:00,56210.1015625,56211.6015625,56067.30078125,56201.3515625,0
2025-07-30 05:45:00+00:00,56233.1484375,56320.69921875,56191.5,56207.69921875,0
2025-07-30 06:45:00+00:00,56190.55078125,56292.75,56156.69921875,56233.5,0
2025-07-30 07:45:00+00:00,56188.19921875,56264.8984375,56152.75,56189.6484375,0
2025-07-30 08:45:00+00:00,56140.8515625,56255.3515625,56133.25,56184.8515625,0
2025-07-30 09:45:00+00:00,56114.6015625,56160.8984375,56098.5,56144.80078125,0
2025-07-31 03:45:00+00:00,55607.19921875,55956.8984375,55564.5,55755.69921875,0
2025-07-31 04:45:00+00:00,55809.3515625,55877.55078125,55552.3515625,55606.75,0
2025-07-31 05:45:00+00:00,56090.30078125,56121.19921875,55789.55078125,55808.8515625,0
2025-07-31 06:45:00+00:00,56306.55078125,56362.1015625,56076.6015625,56091.55078125,0
2025-07-31 07:45:00+00:00,56308.0,56403.55078125,56261.80078125,56304.55078125,0
2025-07-31 08:45:00+00:00,55967.6484375,56312.19921875,55937.8984375,56307.19921875,0
2025-07-31 09:45:00+00:00,55992.6484375,56005.55078125,55906.44921875,55968.19921875,0
2025-08-01 03:45:00+00:00,55982.0,55982.44921875,55774.69921875,55896.55078125,0
2025-08-01 04:45:00+00:00,55896.94921875,56096.69921875,55883.3984375,55984.25,0
2025-08-01 05:45:00+00:00,55807.19921875,55906.8515625,55756.0,55897.6484375,0
2025-08-01 06:45:00+00:00,55809.44921875,55895.55078125,55729.8515625,55808.69921875,0
2025-08-01 07:45:00+00:00,55792.8515625,55923.05078125,55743.80078125,55809.69921875,0
2025-08-01 08:45:00+00:00,55591.55078125,55814.6484375,55562.30078125,55793.19921875,0
2025-08-01 09:45:00+00:00,55639.55078125,55658.8984375,55570.05078125,55594.5,0
2025-08-04 03:45:00+00:00,55528.05078125,55751.6015625,55440.8515625,55554.30078125,0
2025-08-04 04:45:00+00:00,55578.6484375,55652.0,55462.75,55528.1484375,0
2025-08-04 05:45:00+00:00,55635.6484375,55670.6015625,55541.30078125,55578.75,0
2025-08-04 06:45:00+00:00,55631.30078125,55721.19921875,55604.44921875,55637.69921875,0
2025-08-04 07:45:00+00:00,55614.80078125,55689.8515625,55511.8984375,55631.0,0
2025-08-04 08:45:00+00:00,55613.6484375,55657.25,55568.69921875,55611.19921875,0
2025-08-04 09:45:00+00:00,55643.94921875,55656.94921875,55612.8984375,55613.3984375,0
2025-08-05 03:45:00+00:00,55481.30078125,55644.55078125,55421.1015625,55545.05078125,0
2025-08-05 04:45:00+00:00,55456.8515625,55506.19921875,55370.19921875,55480.94921875,0
2025-08-05 05:45:00+00:00,55492.55078125,55520.30078125,55409.05078125,55460.1484375,0
2025-08-05 06:45:00+00:00,55394.3515625,55518.94921875,55374.1015625,55496.05078125,0
2025-08-05 07:45:00+00:00,55250.3515625,55396.1484375,55203.05078125,55391.80078125,0
2025-08-05 08:45:00+00:00,55398.8984375,55403.80078125,55219.25,55249.80078125,0
2025-08-05 09:45:00+00:00,55392.5,55410.44921875,55332.3984375,55399.55078125,0
2025-08-06 03:45:00+00:00,55354.19921875,55506.80078125,55277.44921875,55322.0,0
2025-08-06 04:45:00+00:00,55270.44921875,55499.6484375,55228.19921875,55354.55078125,0
2025-08-06 05:45:00+00:00,55338.6484375,55365.8515625,55242.25,55270.05078125,0
2025-08-06 06:45:00+00:00,55444.1015625,55463.25,55335.19921875,55337.80078125,0
2025-08-06 07:45:00+00:00,55420.19921875,55559.3984375,55408.1015625,55444.69921875,0
2025-08-06 08:45:00+00:00,55397.25,55488.30078125,55310.3984375,55418.44921875,0
2025-08-06 09:45:00+00:00,55422.25,55470.80078125,55392.1484375,55396.8984375,0
2025-08-07 03:45:00+00:00,55173.25,55363.69921875,55148.30078125,55216.1484375,0
2025-08-07 04:45:00+00:00,55111.44921875,55205.80078125,55076.3984375,55173.25,0
2025-08-07 05:45:00+00:00,55172.3984375,55202.75,55096.69921875,55113.3515625,0
2025-08-07 06:45:00+00:00,55115.80078125,55196.25,55092.25,55175.0,0
2025-08-07 07:45:00+00:00,55124.30078125,55142.44921875,54973.8984375,55115.3984375,0
2025-08-07 08:45:00+00:00,55513.3984375,55551.80078125,55122.3984375,55122.3984375,0
2025-08-07 09:45:00+00:00,55591.3515625,55614.05078125,55507.19921875,55514.1484375,0
2025-08-08 03:45:00+00:00,55252.3515625,55622.94921875,55230.3984375,55610.3515625,0
2025-08-08 04:45:00+00:00,55210.8515625,55324.1015625,55159.8984375,55243.6015625,0
2025-08-08 05:45:00+00:00,55114.1015625,55221.25,55078.6015625,55213.3515625,0
2025-08-08 06:45:00+00:00,55137.94921875,55272.25,55087.8984375,55114.80078125,0
2025-08-08 07:45:00+00:00,55125.8984375,55200.30078125,55060.69921875,55137.44921875,0
2025-08-08 08:45:00+00:00,54985.55078125,55183.69921875,54928.0,55122.05078125,0
2025-08-08 09:45:00+00:00,54920.1484375,55023.8984375,54907.80078125,54987.6015625,0
