Price,Close,High,Low,Open,Volume,rsi,macd,macd_signal,ema_20,ema_50,atr
2025-05-07 03:45:00+00:00,54307.3515625,54671.3515625,53933.6015625,53945.05078125,0.0,32.51951515094652,-218.87351819811738,-153.3825348281117,54699.07035764432,54866.25087701163,248.18114349937306
2025-05-07 04:45:00+00:00,54327.8515625,54389.69921875,54222.19921875,54306.8984375,0.0,33.5333469410331,-220.34086684702197,-166.77420123189376,54663.71618667819,54845.13717840334,242.41820467798928
2025-05-07 05:45:00+00:00,54337.5,54477.8515625,54291.44921875,54326.8515625,0.0,34.03567179282571,-218.20981602383836,-177.06132419028268,54632.64797842313,54825.2298380738,238.41707175456148
2025-05-07 06:45:00+00:00,54271.5,54389.44921875,54226.6015625,54338.05078125,0.0,32.24070266352929,-219.31842502533254,-185.51274435729266,54598.25293285902,54803.51494246306,233.0192563613785
2025-05-07 07:45:00+00:00,54410.1015625,54459.80078125,54257.8515625,54271.05078125,0.0,39.46117366024121,-206.631103160129,-189.73641611785993,54580.33375472959,54788.08696677823,230.79996796056574
2025-05-07 08:45:00+00:00,54597.6484375,54605.0,54326.05078125,54419.05078125,0.0,47.59825687286696,-179.37511904168787,-187.66415670262552,54581.98277213629,54780.618789159475,234.23920015981102
2025-05-07 09:45:00+00:00,54628.30078125,54680.75,54594.25,54597.1484375,0.0,48.80931296046676,-153.53135341849702,-180.83759604579984,54586.3940110995,54774.64553394734,223.68640014839593
2025-05-08 03:45:00+00:00,54763.5,54933.8984375,54602.5,54771.8984375,0.0,53.87302158952858,-120.74862098245649,-168.81980103313117,54603.26124813764,54774.2084541847,231.38011710208193
2025-05-08 04:45:00+00:00,54781.75,54870.25,54733.3984375,54760.30078125,0.0,54.52691288886798,-92.23225088604522,-153.502291003714,54620.26017688644,54774.50420107942,224.6280774876475
2025-05-08 05:45:00+00:00,54743.1015625,54802.75,54698.6484375,54781.25,0.0,52.81927134065241,-71.92235194001114,-137.18630319097343,54631.95935646868,54773.272725056704,216.01904070281554
2025-05-08 06:45:00+00:00,54791.8515625,54849.1015625,54719.0,54740.94921875,0.0,54.74450941793717,-51.30152111973439,-120.00934677672562,54647.18718561452,54774.00130691723,209.88207797404303
2025-05-08 07:45:00+00:00,54540.19921875,54842.8515625,54518.25,54791.8515625,0.0,44.62215798929225,-54.63579765803297,-106.93463695298709,54636.99785543695,54764.83259757733,218.07632686875425
2025-05-08 08:45:00+00:00,54466.0,54653.19921875,54343.8515625,54536.8984375,0.0,42.14760487931299,-62.544518405615236,-98.05661324351273,54620.71234539533,54753.11367218214,224.59570753884324
2025-05-08 09:45:00+00:00,54141.75,54470.05078125,54109.94921875,54467.80078125,0.0,33.42441445465225,-93.89414841120742,-97.22412027705167,54575.09688392911,54729.13862621422,234.27469717892586
2025-05-09 03:45:00+00:00,53765.8984375,54051.05078125,53547.55078125,53620.25,0.0,26.561907824996936,-147.36826638240746,-107.25294949812283,54498.03036522157,54691.3645011666,259.98359157685974
2025-05-09 04:45:00+00:00,53713.3515625,53843.69921875,53622.1484375,53769.80078125,0.0,25.76543375058729,-191.77630591674097,-124.15762078184648,54423.29905067666,54653.011052591435,257.2383908392269
2025-05-09 05:45:00+00:00,53716.30078125,53920.8515625,53604.6015625,53713.80078125,0.0,25.89973403171301,-224.14817920242058,-144.1557324659613,54355.965882159835,54616.2773164604,261.4535057792821
2025-05-09 06:45:00+00:00,53615.1015625,53738.25,53584.0,53717.3984375,0.0,24.276743335996088,-255.029234933907,-166.33043295955045,54285.40737552557,54577.015522187445,253.7961125093334
2025-05-09 07:45:00+00:00,53590.0,53660.0,53533.75,53614.30078125,0.0,23.877065598807732,-278.3198820462276,-188.72832277688588,54219.178101665995,54538.30903112127,244.68567590152387
2025-05-09 08:45:00+00:00,53588.5,53643.8515625,53485.05078125,53589.3984375,0.0,23.85179498531383,-293.51546161233273,-209.68575054397525,54159.11352055494,54501.061618136126,238.55104056927215
2025-05-09 09:45:00+00:00,53674.05078125,53676.80078125,53573.1484375,53589.5,0.0,28.499728708504975,-295.25136092637695,-226.7988726204556,54112.91706919257,54468.62982061118,228.91541936789557
2025-05-12 03:45:00+00:00,55146.3984375,55290.30078125,54570.6484375,54658.75,0.0,66.45200785412592,-175.7944734410703,-216.59799278457854,54211.34386617423,54495.208982057804,328.01074655590304
2025-05-12 04:45:00+00:00,55304.55078125,55346.19921875,55135.30078125,55148.3515625,0.0,68.39274575901167,-67.58339772247564,-186.79507377215796,54315.458810467164,54526.94787614377,319.6455816233385
2025-05-12 05:45:00+00:00,55150.55078125,55390.25,55134.8984375,55306.1484375,0.0,64.48107412485628,5.682640492632345,-148.2995309191999,54394.99137911315,54551.402892030295,315.0531516859572
2025-05-12 06:45:00+00:00,55189.8984375,55336.75,55123.44921875,55155.3984375,0.0,65.03139188434916,66.15889212278125,-105.40784631080366,54470.69681324523,54576.441933029106,307.78512522624595
2025-05-12 07:45:00+00:00,55291.25,55291.94921875,55184.19921875,55192.6015625,0.0,66.4723554858918,120.87164819059399,-60.15194741052414,54548.844735793304,54604.47362192992,293.4969019957998
2025-05-12 08:45:00+00:00,55325.0,55377.0,55227.75,55289.75,0.0,66.9605971820547,165.05262062901602,-15.111033802616106,54622.76428476537,54632.72955832483,283.1935518532427
2025-05-12 09:45:00+00:00,55411.30078125,55464.94921875,55320.6484375,55324.69921875,0.0,68.23443472421957,204.67079388556886,28.845331735020885,54697.862998716286,54663.26176314543,273.2726396672968
2025-05-13 03:45:00+00:00,55182.05078125,55497.25,54983.30078125,55233.55078125,0.0,61.45605584535935,215.09049323032377,66.09436403408147,54743.97612086235,54683.60643052208,290.46382388748987
2025-05-13 04:45:00+00:00,55108.80078125,55314.0,54945.44921875,55176.3515625,0.0,59.42476241369577,214.95959678270447,95.86741058380608,54778.72132661355,54700.280718785914,296.04146369909773
2025-05-13 05:45:00+00:00,55171.3515625,55332.0,55087.8515625,55107.69921875,0.0,60.62170864151506,217.39716648291505,120.17336176362788,54816.11468241226,54718.75408520608,292.3348189705908
2025-05-13 06:45:00+00:00,54990.80078125,55211.55078125,54925.69921875,55168.3515625,0.0,55.529688389123336,202.42657140207302,136.62400369131691,54832.75145373014,54729.42258309015,291.87172922269144
2025-05-13 07:45:00+00:00,54947.30078125,54997.05078125,54889.19921875,54986.94921875,0.0,54.34528834447528,184.92053170737927,146.2833092945294,54843.660913493935,54737.96682615524,278.72743159964205
2025-05-13 08:45:00+00:00,54929.69921875,55038.05078125,54894.44921875,54946.5,0.0,53.844834678354594,167.6935038074589,150.56534819711533,54851.85503780404,54745.4857435119,269.07558380681047
2025-05-13 09:45:00+00:00,54964.44921875,54984.6484375,54890.55078125,54932.75,0.0,54.73115290807313,155.05758731826063,151.4637960213444,54862.578293132225,54754.07254646241,256.57716040989544
2025-05-14 03:45:00+00:00,55089.30078125,55205.25,54886.25,55008.55078125,0.0,57.86203548910658,153.35028351825895,151.8410935207273,54884.170911048204,54767.2187517482,261.03593466633146
2025-05-14 04:45:00+00:00,55012.8515625,55094.1015625,54951.6484375,55084.55078125,0.0,55.33822731565288,144.16655758072739,150.30618633272732,54896.426211186474,54776.85141099337,252.56573397587923
2025-05-14 05:45:00+00:00,54839.3984375,55033.94921875,54805.75,55008.3515625,0.0,50.0085528569954,121.49169044926384,144.54328715603464,54890.994994644905,54779.30423556226,250.82526860260214
2025-05-14 06:45:00+00:00,54682.94921875,54845.0,54492.6484375,54842.8515625,0.0,45.73039913843738,89.86168091094441,133.60696590701662,54871.18111122634,54775.52560745197,258.0771467381306
2025-05-14 07:45:00+00:00,54654.94921875,54711.55078125,54582.69921875,54682.8515625,0.0,44.98860408670193,61.82265143321274,119.25010301225585,54850.58759765716,54770.79712162052,248.8467478639784
2025-05-14 08:45:00+00:00,54808.1484375,54831.19921875,54578.6015625,54655.1484375,0.0,49.78782938727752,51.37123950413661,105.674330310632,54846.54577288029,54772.26187910599,249.1146698915514
2025-05-14 09:45:00+00:00,54860.55078125,54898.80078125,54759.3984375,54810.80078125,0.0,51.35122617794322,46.77762806961982,93.89498986242957,54847.87958320121,54775.72418899399,241.27807516715487
2025-05-15 03:45:00+00:00,54562.75,54906.19921875,54443.8515625,54853.69921875,0.0,43.13217979085236,18.88937869136862,78.89386762821738,54820.7243848011,54767.372260013835,257.06875953021523
2025-05-15 04:45:00+00:00,54616.69921875,55018.0,54491.30078125,54553.80078125,0.0,44.85415701839507,1.1279884669056628,63.34069179595504,54801.29341660575,54761.463513297604,276.32807804591414
2025-05-15 05:45:00+00:00,54711.30078125,54807.0,54570.69921875,54617.1015625,0.0,47.83694038101876,-5.253921833937056,49.62176906997662,54792.722689429014,54759.496347334956,273.46898541763454
2025-05-15 06:45:00+00:00,55096.3984375,55100.30078125,54629.6484375,54711.69921875,0.0,57.83504771163163,20.52592070055107,43.80259939609151,54821.64418924529,54772.7081940081,287.55351101280354
2025-05-15 07:45:00+00:00,55432.0,55462.1484375,55017.75,55098.80078125,0.0,64.26347629733823,67.2615240173036,48.49438432033393,54879.77331407907,54798.56277463523,298.75672004760327
2025-05-15 08:45:00+00:00,55362.55078125,55486.3984375,55302.8984375,55427.69921875,0.0,62.15176402544757,97.57111572966824,58.309730602200794,54925.7521204763,54820.67995136523,290.5240971870602
2025-05-15 09:45:00+00:00,55336.69921875,55375.8984375,55319.55078125,55357.5,0.0,61.34370213046267,118.14379239058326,70.27654295987729,54964.88993935951,54840.916001066595,273.79720854869873
2025-05-16 03:45:00+00:00,55277.44921875,55417.3515625,55170.6015625,55288.0,0.0,59.43635569653694,128.18912262473896,81.85905889284963,54994.65748977765,54858.03495077966,271.86526508093453
2025-05-16 04:45:00+00:00,55273.5,55350.44921875,55220.05078125,55280.25,0.0,59.30399742516152,134.2835135047717,92.34394981523405,55021.21391932263,54874.327697807916,261.7604916822964
2025-05-16 05:45:00+00:00,55263.05078125,55315.3984375,55242.55078125,55271.55078125,0.0,58.93006498155057,136.6944688124422,101.21405361467569,55044.24600141095,54889.57174029584,248.26671772284664
2025-05-16 06:45:00+00:00,55306.30078125,55359.3515625,55230.19921875,55257.8984375,0.0,60.05281314791371,140.47576463682344,109.06639581910525,55069.20359949086,54905.91405562738,239.7585481533576
2025-05-16 07:45:00+00:00,55347.69921875,55381.1484375,55276.1015625,55306.3984375,0.0,61.14767144250534,145.13989438940916,116.28109553316604,55095.72699180125,54923.23896398513,230.13628578526064
2025-05-16 08:45:00+00:00,55363.1015625,55394.69921875,55313.25,55347.30078125,0.0,61.56969153428039,148.36878820537822,122.69863406760848,55121.191236629704,54940.48847765238,219.51578099702775
2025-05-16 09:45:00+00:00,55350.80078125,55376.75,55311.0,55367.3984375,0.0,60.999822299400414,148.22647701327514,127.80420265674181,55143.05881230783,54956.57915622484,208.5325109258115
2025-05-19 03:45:00+00:00,55480.94921875,55511.25,55305.25,55331.3515625,0.0,64.72049651674294,156.80800055777217,133.60496223694787,55175.238851016606,54977.14268808858,208.35161728825352
2025-05-19 04:45:00+00:00,55587.3515625,55648.05078125,55474.44921875,55478.0,0.0,67.45417400467359,170.23236693243234,140.93044317604478,55214.48768068169,55001.07244786942,205.86947051766398
2025-05-19 05:45:00+00:00,55591.69921875,55671.1484375,55542.19921875,55588.3515625,0.0,67.564767736314,179.15688448314177,148.57573143746419,55250.41258906914,55024.2342820216,200.37516681997369
2025-05-19 06:45:00+00:00,55542.05078125,55694.30078125,55522.1484375,55592.3984375,0.0,64.85451075901847,180.14679484928638,154.88994411982864,55278.18765499113,55044.54081140311,198.35925088640414
2025-05-19 07:45:00+00:00,55399.6015625,55599.5,55355.8984375,55542.05078125,0.0,57.70256119541268,167.505940280309,157.41314335192473,55289.75088427769,55058.46476242652,201.59084457308956
2025-05-19 08:45:00+00:00,55417.1015625,55457.5,55303.6484375,55400.75,0.0,58.31079496610924,157.0892486347584,157.34836440849148,55301.87952029886,55072.528950664695,198.18089585358317
2025-05-19 09:45:00+00:00,55400.6484375,55450.94921875,55376.94921875,55418.30078125,0.0,57.47399267795964,145.82533211890404,155.043757950574,55311.28608384183,55085.396381520986,189.31083186404152
2025-05-20 03:45:00+00:00,55194.3984375,55565.94921875,55121.1484375,55443.8515625,0.0,48.14642902214081,118.88550770199072,147.81210790085734,55300.153927047366,55089.670971951535,207.56011396303853
2025-05-20 04:45:00+00:00,55208.30078125,55344.94921875,55140.30078125,55196.05078125,0.0,48.750193876642925,97.53300593429594,137.75628750754507,55291.406008399994,55094.32312133579,207.3521370728215
2025-05-20 05:45:00+00:00,55122.19921875,55209.44921875,55074.3515625,55208.1015625,0.0,45.23708609068857,72.82384992332663,124.76979999070139,55275.291076052374,55095.416301626545,202.19110272833424
2025-05-20 06:45:00+00:00,55009.6484375,55209.05078125,55007.30078125,55131.1484375,0.0,41.07061390867663,43.656513234687736,108.54714263949866,55249.991777142626,55092.05285597452,202.15959539059608
2025-05-20 07:45:00+00:00,54965.5,55049.6015625,54931.94921875,55009.3984375,0.0,39.53253016442491,16.78528847025882,90.19477180565069,55222.897322176665,55087.08999887748,196.1233631305535
2025-05-20 08:45:00+00:00,54910.25,54975.05078125,54830.0,54962.8984375,0.0,37.63311215919473,-8.866358151106397,70.38254581429928,55193.12138673127,55080.15509696072,192.47532156765683
2025-05-20 09:45:00+00:00,54932.3515625,54934.30078125,54854.3984375,54910.8515625,0.0,38.89784228972076,-27.099673359851295,50.88610197946917,55168.28616537592,55074.35887992304,184.43439458068136
2025-05-21 03:45:00+00:00,55260.30078125,55265.44921875,54933.3515625,55069.5,0.0,53.85207869161355,-14.91501485263143,37.72587861304905,55177.049462125826,55081.65071919077,195.0531989856327
2025-05-21 04:45:00+00:00,55218.1015625,55336.75,55163.8515625,55261.0,0.0,52.085602136827035,-8.564977747519151,28.46770734093541,55180.95918597098,55087.00173265388,193.4707160223732
2025-05-21 05:45:00+00:00,54813.25,55233.8515625,54790.94921875,55219.25,0.0,38.90156151098468,-35.78812200707034,15.616541471334259,55145.93926349756,55076.26637058902,211.28726086006083
2025-05-21 06:45:00+00:00,55011.1484375,55026.69921875,54690.80078125,54817.55078125,0.0,46.08557370065201,-40.9221844952408,4.308796278019248,55133.10204197398,55073.71272615416,220.18805919148505
2025-05-21 07:45:00+00:00,55007.94921875,55109.3515625,54891.8984375,55012.94921875,0.0,45.99142808511999,-44.73345677805628,-5.499654333195857,55121.18272547646,55071.13376507949,219.9927067492361
2025-05-21 08:45:00+00:00,55066.8984375,55112.44921875,54990.3984375,55007.75,0.0,48.095492243479,-42.50721155201609,-12.901165776959903,55116.012793288224,55070.96767380186,212.9968549278621
2025-05-21 09:45:00+00:00,55065.6015625,55097.44921875,55036.5,55066.6015625,0.0,48.05114110850519,-40.38204407803278,-18.39734143717448,55111.21172368935,55070.75723806453,202.13630948658624
2025-05-22 03:45:00+00:00,54849.5,54934.3984375,54719.8515625,54869.19921875,0.0,41.22863689496802,-55.49570367445267,-25.817013884630118,55086.28679762369,55062.08048363063,212.39443023754438
2025-05-22 04:45:00+00:00,54747.75,54889.6015625,54742.1484375,54849.80078125,0.0,38.45973488037168,-74.82126941324532,-35.617864990353155,55054.045197850006,55049.753797998055,207.75576557771979
2025-05-22 05:45:00+00:00,54644.80078125,54776.6015625,54588.80078125,54746.44921875,0.0,35.83722965937616,-97.32219142326358,-47.95873027693524,55015.0695391262,55033.873287537346,206.33040955431125
2025-05-22 06:45:00+00:00,54647.3515625,54671.80078125,54577.69921875,54646.6484375,0.0,35.95375987732447,-113.63855299608258,-61.094694820764715,54980.04877944751,55018.715572830006,198.31406333614615
2025-05-22 07:45:00+00:00,54653.75,54692.1015625,54616.25,54651.80078125,0.0,36.26644627281994,-124.61658425118367,-73.7990727068485,54948.972705214415,55004.40319742491,189.56674184784998
2025-05-22 08:45:00+00:00,54937.6484375,54995.94921875,54587.1484375,54653.5,0.0,48.32217185451376,-109.15030507212214,-80.86931917990324,54947.89420352733,55001.785363702365,205.2263160908607
2025-05-22 09:45:00+00:00,54963.25,54989.6015625,54889.80078125,54938.75,0.0,49.25437797899997,-93.7466818683315,-83.44479171758891,54949.35666033425,55000.274172968944,197.69592074508495
2025-05-23 03:45:00+00:00,55171.1484375,55200.6015625,54855.19921875,54959.30078125,0.0,56.168863439113885,-64.025487114719,-79.56093079701493,54970.47968673099,55006.97512451919,208.2463795311503
2025-05-23 04:45:00+00:00,55309.25,55338.44921875,55002.94921875,55170.05078125,0.0,60.06183674408624,-28.99336672811478,-69.4474179832349,55002.743526089944,55018.82904120471,217.33592385035385
2025-05-23 05:45:00+00:00,55236.3984375,55431.80078125,55192.6484375,55311.8515625,0.0,57.17684962829577,-7.027660679028486,-56.963466522393624,55024.996374795664,55027.36117439277,218.89423955747142
2025-05-23 06:45:00+00:00,55362.25,55430.5,55230.6015625,55232.05078125,0.0,60.68967326798337,20.301466261749738,-41.510479965564954,55057.115767672265,55040.49406951462,217.5373965533663
2025-05-23 07:45:00+00:00,55395.75,55438.94921875,55302.6015625,55361.69921875,0.0,61.59282552114314,44.1541843348823,-24.3775471054755,55089.36664694158,55054.4256746317,211.73812938884015
2025-05-23 08:45:00+00:00,55391.25,55420.8984375,55303.1015625,55394.55078125,0.0,61.388794683392774,61.98005536841083,-7.106026610698233,55118.11744247095,55067.634471704965,205.02803978963726
2025-05-23 09:45:00+00:00,55389.6015625,55426.1015625,55379.6484375,55391.25,0.0,61.30867628112908,75.10836893750093,9.3368524989416,55143.97307294991,55080.2606321283,193.70126016180603
2025-05-26 03:45:00+00:00,55741.3515625,55875.6015625,55520.44921875,55534.8984375,0.0,70.23535942916433,112.59797792824247,29.989077584801777,55200.86626243088,55106.18576665268,214.5797415788199
2025-05-26 04:45:00+00:00,55480.1015625,55760.1015625,55308.05078125,55739.55078125,0.0,59.2935135330269,119.8465550243709,47.960573072715604,55227.4601005327,55120.84913119571,231.54195869818992
2025-05-26 05:45:00+00:00,55531.1015625,55576.25,55406.80078125,55481.3515625,0.0,60.58443867976206,128.22824300538923,64.01410705925034,55256.37833500578,55136.9374618351,227.10676298760492
2025-05-26 06:45:00+00:00,55509.1015625,55611.1015625,55422.75,55531.19921875,0.0,59.70484079737542,131.57881628959876,77.52704890532003,55280.44721381475,55151.532132449414,224.33853438134744
2025-05-26 07:45:00+00:00,55527.1015625,55555.1484375,55456.8984375,55506.1484375,0.0,60.213808197562024,134.14033306451893,88.84970573715981,55303.938104165725,55166.26034539258,215.33221049696547
2025-05-26 08:45:00+00:00,55577.1015625,55598.3515625,55447.30078125,55528.94921875,0.0,61.662394123154655,138.60715865097882,98.8011963199236,55329.95367162613,55182.3717656713,210.74067983646793
2025-05-26 09:45:00+00:00,55558.8984375,55612.6484375,55548.3515625,55578.25,0.0,60.794558981812415,139.07513842781918,106.85598474150272,55351.75793504268,55197.13751750772,200.28040806243453
2025-05-27 03:45:00+00:00,55112.44921875,55493.94921875,55041.3515625,55483.8984375,0.0,44.319623818736055,102.24270469540352,105.93332873228289,55328.9666287291,55193.816407752514,222.94229855797494
2025-05-27 04:45:00+00:00,55354.3515625,55449.75,55054.69921875,55109.55078125,0.0,51.92213197868838,91.51727885437867,103.05011875670206,55331.38424146918,55200.111904017125,235.2357616074053
2025-05-27 05:45:00+00:00,55593.44921875,55828.44921875,55364.44921875,55365.6484375,0.0,58.0229316538423,101.14455279541289,102.66900556444423,55356.34281073402,55215.53689675175,252.29732551044776
2025-05-27 06:45:00+00:00,55411.5,55623.1015625,55340.8515625,55598.80078125,0.0,52.557370564415926,93.02017672020884,100.73923979559717,55361.5958763784,55223.22172433011,254.43680225970152
2025-05-27 07:45:00+00:00,55266.94921875,55529.75,55213.55078125,55412.55078125,0.0,48.6375874237834,74.06374936248176,95.4041417089741,55352.581908985216,55224.93652803285,258.84840343758
2025-05-27 08:45:00+00:00,55384.55078125,55393.94921875,55110.05078125,55258.8984375,0.0,51.78795545997348,67.74913747979735,89.87314086313876,55355.62656348662,55231.19591051195,260.63769158489566
2025-05-27 09:45:00+00:00,55352.44921875,55406.1015625,55319.05078125,55386.55078125,0.0,50.87071857098174,59.46891364031035,83.79229541857308,55355.32395922599,55235.950942207564,248.23862656097455
2025-05-28 03:45:00+00:00,55335.6015625,55521.6015625,55236.55078125,55328.6015625,0.0,50.36653024619003,50.95987778440758,77.22581189173998,55353.445635728276,55239.85880967001,250.86806618161924
2025-05-28 04:45:00+00:00,55384.8984375,55463.05078125,55278.94921875,55335.30078125,0.0,51.86970011009624,47.645029147621244,71.30965534291623,55356.44114065891,55245.54663821236,246.09903020436073
2025-05-28 05:45:00+00:00,55318.5,55432.55078125,55303.80078125,55383.6015625,0.0,49.68697456892649,39.208220766697195,64.88936842767242,55352.8276986914,55248.4075543609,237.71695661833496
2025-05-28 06:45:00+00:00,55433.55078125,55506.8515625,55311.30078125,55319.94921875,0.0,53.35010560293351,41.32920847945206,60.177336438028355,55360.51561131603,55255.668073062436,234.70508694916816
2025-05-28 07:45:00+00:00,55415.05078125,55464.6484375,55345.6015625,55433.19921875,0.0,52.685853586784084,41.04417938284314,56.350705026991314,55365.70943702402,55261.91837534431,226.44378609565615
2025-05-28 08:45:00+00:00,55407.75,55478.25,55335.5,55415.6015625,0.0,52.40853313866848,39.77072754781693,53.034709531156444,55369.71330016459,55267.637262585704,220.46565851739498
2025-05-28 09:45:00+00:00,55447.55078125,55454.25,55396.1015625,55410.05078125,0.0,53.83514647254852,41.49477230615594,50.72672208615635,55377.1263936013,55274.692694690195,208.8715713018668
2025-05-29 03:45:00+00:00,55350.80078125,55725.3515625,55319.0,55589.3515625,0.0,49.917927961366814,34.654696007914026,47.51231687050789,55374.61919242499,55277.67732553568,222.9772849588763
2025-05-29 04:45:00+00:00,55213.1015625,55385.0,55196.8984375,55351.55078125,0.0,44.90935605756344,17.91618349780765,41.59309019596785,55359.23656100356,55275.14494267154,220.4861619260994
2025-05-29 05:45:00+00:00,55191.44921875,55241.30078125,55150.6015625,55197.25,0.0,44.159055516848184,2.87053877053404,33.848579910881085,55343.25681412227,55271.86275741972,211.21566598494945
2025-05-29 06:45:00+00:00,55266.3515625,55282.3984375,55096.69921875,55189.6484375,0.0,47.430981548761004,-2.9749564718658803,26.483872634331693,55335.93250444396,55271.64663212875,209.3930626110245
2025-05-29 07:45:00+00:00,55201.25,55302.25,55187.94921875,55261.6015625,0.0,44.964912875687965,-12.714144835888874,18.64426914028758,55323.10559925882,55268.88597988841,202.60075679952274
2025-05-29 08:45:00+00:00,55591.80078125,55594.8515625,55177.69921875,55201.55078125,0.0,58.80308031244439,10.955375546553114,17.106490421540688,55348.695616591314,55281.549305431996,217.92587015312827
2025-05-29 09:45:00+00:00,55765.19921875,55781.1015625,55566.0,55591.0,0.0,63.22439203816142,43.20737797670881,22.326667932574313,55388.36262632071,55300.51596869937,217.72413389219054
2025-05-30 03:45:00+00:00,55559.8515625,55695.55078125,55461.8984375,55611.3984375,0.0,55.61257023841928,51.602639462144,28.18186223848825,55404.694905956836,55310.68599198567,223.8367515606055
2025-05-30 04:45:00+00:00,55460.8515625,55562.1484375,55356.8515625,55557.1015625,0.0,52.340859296195575,49.69462336711149,32.484414464212904,55410.04315896094,55316.57483788819,222.5124746634194
2025-05-30 05:45:00+00:00,55430.5,55551.44921875,55426.8515625,55462.94921875,0.0,51.34357584267249,45.212211203011975,35.029973811972724,55411.991429536094,55321.042491304346,215.51855906246087
2025-05-30 06:45:00+00:00,55557.8515625,55581.94921875,55402.25,55415.80078125,0.0,55.200645067523055,51.3442099496242,38.292821039503025,55425.88287077076,55330.329121547315,212.96003475442794
2025-05-30 07:45:00+00:00,55624.1484375,55776.3984375,55557.5,55557.5,0.0,57.106888076002946,60.85200287132466,42.80465740586735,55444.76530569735,55341.8514476631,213.38420637911165
2025-05-30 08:45:00+00:00,55755.75,55812.6015625,55618.1015625,55626.0,0.0,60.683214696859245,78.10578860346868,49.86488364538762,55474.38289563094,55358.08276344102,212.03533449488938
2025-05-30 09:45:00+00:00,55755.69921875,55778.8984375,55729.05078125,55755.44921875,0.0,60.681112225072006,90.72956651494314,58.03782021929872,55501.17492640419,55373.67556561001,200.45050033454012
2025-06-02 03:45:00+00:00,55585.25,55683.3515625,55401.94921875,55598.25,0.0,53.92733311888201,85.98894695538183,63.628045566515354,55509.18207627046,55381.972602252754,211.4004645963587
2025-06-02 04:45:00+00:00,55615.69921875,55686.44921875,55551.5,55585.55078125,0.0,54.89316491427547,83.72385281947936,67.64720701710816,55519.32656603042,55391.13835191931,205.9396613216188
2025-06-02 05:45:00+00:00,55726.1015625,55752.19921875,55572.8515625,55616.55078125,0.0,58.306023448296834,89.80211300851806,72.07818821539014,55539.019422837046,55404.27416409895,204.04023238793175
2025-06-02 06:45:00+00:00,55780.8984375,55834.8515625,55690.25,55725.1015625,0.0,59.926688780279356,97.91215745282534,77.24498206287718,55562.055519471614,55419.04374344801,199.79461311022234
2025-06-02 07:45:00+00:00,55787.1484375,55872.1015625,55759.05078125,55781.25,0.0,60.11711009214843,103.64894831427955,82.52577531315767,55583.492940236225,55433.47922164613,193.59862512020646
2025-06-02 08:45:00+00:00,55918.30078125,55964.0,55702.75,55787.94921875,0.0,63.98460079689867,117.42469566084765,89.50555938269567,55615.37940128516,55452.49183182667,198.43086618304886
2025-06-02 09:45:00+00:00,55862.05078125,55921.8515625,55811.5,55918.0,0.0,61.241633805910006,122.39230744905217,96.08290899596696,55638.87191366276,55468.55296709818,192.13948734854537
2025-06-03 03:45:00+00:00,55841.6484375,56143.8984375,55716.5,56104.80078125,0.0,60.23302670660269,123.26198946318618,101.51872508941081,55658.18396355202,55483.184162015896,208.94369807364927
2025-06-03 04:45:00+00:00,55706.80078125,56016.3984375,55704.19921875,55841.94921875,0.0,53.91302783304953,111.7815912325168,103.57129831803202,55662.814136666115,55491.95344120155,216.31909240767433
2025-06-03 05:45:00+00:00,55680.05078125,55805.30078125,55660.80078125,55709.44921875,0.0,52.73103810496013,99.37920981266507,102.73288061695864,55664.45572186458,55499.32980747796,211.1891572356976
2025-06-03 06:45:00+00:00,55524.1015625,55727.25,55459.75,55683.25,0.0,46.35100109204629,76.08932418671611,97.40416933091015,55651.08865906795,55500.30124885138,215.21136029029063
2025-06-03 07:45:00+00:00,55647.6015625,55659.44921875,55467.69921875,55523.1484375,0.0,51.36908328783962,66.8269998451724,91.28873543376261,55650.75655463291,55506.07773173956,213.53554884098415
2025-06-03 08:45:00+00:00,55600.94921875,55722.1015625,55582.19921875,55650.3515625,0.0,49.486082858423245,55.087077285897976,84.04840380418969,55646.01299883454,55509.798182210565,208.27603419162816
2025-06-03 09:45:00+00:00,55540.0,55635.8515625,55525.3515625,55598.80078125,0.0,47.05907411303317,40.39931336013251,75.31858571537826,55635.91652275506,55510.982567221916,201.29203174936902
2025-06-04 03:45:00+00:00,55522.44921875,55779.5,55408.44921875,55652.1484375,0.0,46.3540740321833,27.031352653502836,65.66113910300318,55625.11011284982,55511.432239830865,213.4176567136998
2025-06-04 04:45:00+00:00,55595.5,55641.6015625,55493.3984375,55522.44921875,0.0,49.729816841118165,22.077242311803275,56.944359744763204,55622.29010210222,55514.72901473946,208.75947587700696
2025-06-04 05:45:00+00:00,55686.05078125,55702.3515625,55588.6484375,55594.5,0.0,53.625336469749875,25.167648470735003,50.58901748995756,55628.362547735334,55521.447515386935,201.96973652864932
2025-06-04 06:45:00+00:00,55645.3984375,55700.19921875,55624.55078125,55687.05078125,0.0,51.68878379675892,24.0591740400414,45.28304879997433,55629.985013427206,55526.30833586196,192.94678659803154
2025-06-04 07:45:00+00:00,55670.6484375,55690.05078125,55597.19921875,55645.55078125,0.0,52.82825076900025,24.930777559689886,41.21259455191745,55633.85772048176,55531.968732004636,185.7971277338864
2025-06-04 08:45:00+00:00,55666.30078125,55738.0,55624.30078125,55670.1015625,0.0,52.598210830759044,24.98272480374726,37.96662060228341,55636.94753579303,55537.23665550446,180.64727709218025
2025-06-04 09:45:00+00:00,55665.55078125,55693.6015625,55656.30078125,55665.55078125,0.0,52.55569530583899,24.678891735093202,35.30907482884537,55639.67165440798,55542.26858200428,170.40824167488168
2025-06-05 03:45:00+00:00,55748.80078125,55849.44921875,55586.44921875,55798.1484375,0.0,56.73602605345612,30.800630593148526,34.407385981706,55650.06490458341,55550.36788393548,177.0219386981044
2025-06-05 04:45:00+00:00,55718.44921875,55781.6484375,55666.6484375,55744.6015625,0.0,54.838897469456626,32.82465313899593,34.09083941316399,55656.57769640879,55556.95930883017,172.5918002196684
2025-06-05 05:45:00+00:00,55953.75,55970.55078125,55694.1484375,55720.25,0.0,64.69492648590693,52.80678835994331,37.83402920251986,55684.87982056034,55572.51972809173,180.00683904326348
2025-06-05 06:45:00+00:00,55788.25,56009.1484375,55773.6015625,55968.55078125,0.0,55.517395969515654,54.65824144348153,41.19887165071219,55694.72459955459,55580.9797387548,183.97398446874467
2025-06-05 07:45:00+00:00,55676.8515625,55796.94921875,55629.25,55762.5,0.0,50.34082981676655,46.59943911356095,42.27898514328194,55693.02240554939,55584.73941811736,182.81150120312006
2025-06-05 08:45:00+00:00,55770.19921875,55783.3515625,55659.1015625,55677.1015625,0.0,54.195030151373274,47.20105158597289,43.263398431820136,55700.37257823516,55592.0123514755,178.62853683146864
2025-06-05 09:45:00+00:00,55809.75,55841.5,55753.69921875,55764.5,0.0,55.761672485311266,50.28954474429338,44.668627694314786,55710.789475546095,55600.551082790196,172.14084000422085
2025-06-06 03:45:00+00:00,55690.55078125,55992.55078125,55560.3515625,55699.44921875,0.0,50.19009355588297,42.62743452936411,44.26038906132465,55708.86198085122,55604.0804827298,190.71643848606223
2025-06-06 04:45:00+00:00,56567.8515625,56577.1015625,55536.5,55691.3984375,0.0,72.20364565754284,106.12268190195027,56.63284762944978,55790.67051243682,55641.875427034516,251.42251877277207
2025-06-06 05:45:00+00:00,56591.8984375,56649.80078125,56478.6015625,56569.3515625,0.0,72.56160029340018,156.57856452262058,76.62199100808394,55866.977933871414,55679.1312313665,245.6922830568598
2025-06-06 06:45:00+00:00,56568.3515625,56627.30078125,56454.8515625,56590.5,0.0,71.58941669102273,192.44677239325392,99.78694728511795,55933.77542231223,55714.00261690115,240.4606356063698
2025-06-06 07:45:00+00:00,56636.69921875,56638.05078125,56495.94921875,56567.75,0.0,72.73144935671033,223.8077537318677,124.59110857446791,56000.7205457825,55750.18679736581,233.43498752734337
2025-06-06 08:45:00+00:00,56571.1484375,56693.6484375,56548.1015625,56634.30078125,0.0,69.8321521864321,240.59868529366213,147.79262391830676,56055.047011660354,55782.38137148872,227.1572652039617
2025-06-06 09:45:00+00:00,56584.80078125,56594.05078125,56539.8984375,56571.1484375,0.0,70.0994916593819,252.10118404956302,168.65433594455803,56105.499751621275,55813.8487993225,214.799770814393
2025-06-09 03:45:00+00:00,56996.3515625,57008.30078125,56793.25,57002.0,0.0,76.7796698632812,291.0704270600181,193.13755416765008,56190.34278122878,55860.221456702006,229.70693004193637
2025-06-09 04:45:00+00:00,56947.8984375,57032.55078125,56942.8515625,56991.25,0.0,74.6646826553248,314.4196368025805,217.39397069463618,56262.49093896889,55902.87545594899,219.7063792353695
2025-06-09 05:45:00+00:00,56933.55078125,56956.05078125,56856.6484375,56949.8515625,0.0,74.01451960633518,327.9855050561164,239.51227756693226,56326.40140013852,55943.294096156875,211.11323384355737
2025-06-09 06:45:00+00:00,56935.05078125,56981.94921875,56878.94921875,56934.6484375,0.0,74.03997074498008,334.9959658808948,258.6090152297248,56384.36800786342,55982.18651518013,203.39085999758896
2025-06-09 07:45:00+00:00,56850.0,56955.30078125,56845.1015625,56937.55078125,0.0,69.86178379124588,329.88619661676785,272.8644515071334,56428.71391187643,56016.21841654562,196.73431419418975
2025-06-09 08:45:00+00:00,56851.0,56893.1484375,56827.05078125,56847.19921875,0.0,69.88330344797654,322.20320136292867,282.7322014782925,56468.93163455487,56048.9549492301,187.40312434103333
2025-06-09 09:45:00+00:00,56846.19921875,56857.44921875,56811.3984375,56851.30078125,0.0,69.62627124771936,312.1289609775704,288.6115533781481,56504.86188066869,56080.21943038775,177.30652840595954
2025-06-10 03:45:00+00:00,56781.69921875,57012.6015625,56570.44921875,56993.8984375,0.0,66.10822084467853,295.5337132571003,289.9959853539385,56531.227341438345,56107.72844169607,196.22408664481958
2025-06-10 04:45:00+00:00,56666.8515625,56804.69921875,56602.80078125,56783.6484375,0.0,60.26881478658584,270.00219658714195,285.9972276005792,56544.14393392041,56129.654838590344,196.6293974201896
2025-06-10 05:45:00+00:00,56610.1015625,56676.69921875,56573.3984375,56670.30078125,0.0,57.563077515475364,242.39485792450432,277.27675366536425,56550.42561283275,56148.4958865868,189.9630676937475
2025-06-10 06:45:00+00:00,56688.3515625,56732.55078125,56586.30078125,56608.05078125,0.0,60.21531300704371,224.2450073150394,266.67040439529933,56563.56141756296,56169.66669740693,186.84070571562265
2025-06-10 07:45:00+00:00,56652.05078125,56709.8984375,56639.1484375,56676.8984375,0.0,58.392095139899396,204.57375141228113,254.2510737986957,56571.98897600934,56188.58372030274,178.54851245022104
2025-06-10 08:45:00+00:00,56647.3515625,56679.80078125,56591.8515625,56652.30078125,0.0,58.14665210741569,186.45560752651363,240.6919805442593,56579.16636519893,56206.57461607518,172.07713432877668
2025-06-10 09:45:00+00:00,56579.55078125,56653.80078125,56565.1015625,56648.05078125,0.0,54.581825382336405,164.72702099177695,225.49898863376285,56579.202976251414,56221.201132356546,166.12156893029263
2025-06-11 03:45:00+00:00,56621.3515625,56662.55078125,56444.3515625,56640.75,0.0,56.358263632952706,149.16050388060103,210.23129168313048,56583.21712732271,56236.893306087666,169.84140106027172
2025-06-11 04:45:00+00:00,56713.69921875,56723.1484375,56568.25,56619.6484375,0.0,60.073667444652834,142.63144449001265,196.7113222445069,56595.643993172926,56255.59157717247,168.7740465202523
2025-06-11 05:45:00+00:00,56743.25,56780.44921875,56674.19921875,56711.3984375,0.0,61.21164357159199,138.24798228099098,185.01865425180372,56609.701708108834,56274.715436891194,164.30804319737715
2025-06-11 06:45:00+00:00,56666.80078125,56781.5,56664.30078125,56743.25,0.0,56.70854931955354,127.13965703424765,173.4428548082925,56615.139715074656,56290.0913327484,160.94312716542163
2025-06-11 07:45:00+00:00,56423.0,56672.5,56400.44921875,56667.75,0.0,45.27077232562722,97.539172857636,158.26211841816124,56596.84069459135,56295.303437346505,168.87938817146295
2025-06-11 08:45:00+00:00,56454.75,56507.30078125,56411.1484375,56425.75,0.0,46.77630919207241,75.76911633342388,141.76351800121378,56583.30824748741,56301.55624372508,163.6845992842156
2025-06-11 09:45:00+00:00,56438.05078125,56473.25,56416.3515625,56454.6484375,0.0,46.058646525732016,56.51720711834787,124.71425582464062,56569.474203083846,56306.90897068684,156.05701629962877
2025-06-12 03:45:00+00:00,56395.80078125,56611.0,56383.0,56454.69921875,0.0,44.210505424275865,37.4193613558964,107.25527693089178,56552.93387719491,56310.39492404226,161.1958008496553
2025-06-12 04:45:00+00:00,56268.1015625,56439.05078125,56242.1015625,56397.75,0.0,39.10329742528722,11.84339795105916,88.17290113492525,56525.80699008111,56308.73636084452,163.74961641396564
2025-06-12 05:45:00+00:00,56257.94921875,56354.05078125,56197.30078125,56267.75,0.0,38.72033171327359,-9.139591089209716,68.71040269009826,56500.296726144814,56306.744708213366,163.2496438129681
2025-06-12 06:45:00+00:00,56245.0,56333.55078125,56209.80078125,56259.80078125,0.0,38.20635428618382,-26.5080860941016,49.666704933258295,56475.98275222626,56304.32334710696,160.4282406834704
2025-06-12 07:45:00+00:00,56012.75,56263.05078125,55969.80078125,56245.0,0.0,30.40961892854547,-58.34086040170223,28.06519186626619,56431.86534725233,56292.8890982008,169.91550920607963
2025-06-12 08:45:00+00:00,56076.8984375,56205.69921875,56004.25,56015.0,0.0,34.39205378804502,-77.49896080905455,6.952361331202043,56398.058974894964,56284.41887621254,172.16791703064538
2025-06-12 09:45:00+00:00,55997.80078125,56081.19921875,55980.44921875,56076.1015625,0.0,31.963145099531943,-97.93547403922275,-14.025205742882916,56359.93914692878,56273.17895091989,167.06663724274216
2025-06-13 03:45:00+00:00,55455.8984375,55514.8984375,55165.5,55165.5,0.0,21.013607308198004,-156.05959046981297,-42.43208268826893,56273.84003174509,56241.12873470735,214.58336181468914
2025-06-13 04:45:00+00:00,55446.55078125,55591.0,55380.8515625,55452.8515625,0.0,20.880727712513433,-200.56565323771792,-74.05879679815874,56195.05057931699,56209.968814963926,214.26658150649706
2025-06-13 05:45:00+00:00,55471.80078125,55542.55078125,55419.0,55440.75,0.0,22.309842200391458,-231.1351821500357,-105.47407386853413,56126.16964616775,56181.02104893593,207.78688148817585
2025-06-13 06:45:00+00:00,55501.55078125,55553.6484375,55440.0,55471.8515625,0.0,24.05052557636745,-250.07842922207783,-134.3949449392429,56066.6821352232,56154.3751560855,201.06270691759187
2025-06-13 07:45:00+00:00,55560.8984375,55687.5,55480.55078125,55498.0,0.0,27.538416419998057,-257.3358219654474,-158.9831203444838,56018.51225924956,56131.10155927823,201.48317204847814
2025-06-13 08:45:00+00:00,55546.8515625,55586.44921875,55376.19921875,55560.6484375,0.0,27.21978860261794,-261.2097599043773,-179.4284482564625,55973.592192892465,56108.18979469869,202.10937404501541
2025-06-13 09:45:00+00:00,55577.1015625,55581.3515625,55514.3515625,55545.75,0.0,29.121691819983837,-258.85504165249586,-195.31376693566918,55935.83118047413,56087.3628052007,192.45870447037146
2025-06-16 03:45:00+00:00,55477.30078125,55601.8984375,55382.25,55565.8515625,0.0,26.64754457121883,-262.02157780384005,-208.65532910930335,55892.161618643266,56063.43880426146,194.40082825820204
2025-06-16 04:45:00+00:00,55739.6015625,55801.6484375,55469.19921875,55476.8984375,0.0,40.86716407749411,-240.59220246310724,-215.04270378006416,55877.63208948676,56050.73930458454,204.26142757904475
2025-06-16 05:45:00+00:00,55809.30078125,55842.3984375,55657.3515625,55736.69921875,0.0,43.975068557957684,-215.50096270939684,-215.13435556593072,55871.124345845164,56041.27112719887,202.88895953768443
2025-06-16 06:45:00+00:00,55876.1484375,55914.19921875,55739.55078125,55810.3984375,0.0,46.85979817064213,-188.0541559911435,-209.7183156509733,55871.60283076468,56034.79572760284,200.87177939213555
2025-06-16 07:45:00+00:00,55945.3515625,55956.0,55836.6484375,55876.80078125,0.0,49.74469255183533,-158.88670308092696,-199.55199313696406,55878.62651950137,56031.28811328508,195.04890675698303
2025-06-16 08:45:00+00:00,55957.3515625,55961.1015625,55857.69921875,55947.19921875,0.0,50.24906135974325,-133.26677042384836,-186.29494859434095,55886.1241426441,56028.38864070528,188.50272368505566
2025-06-16 09:45:00+00:00,55973.5,55999.1484375,55942.3515625,55957.6015625,0.0,50.962292649960524,-110.38726953384321,-171.11341278224143,55894.445652868475,56026.236144991344,179.09516306469453
2025-06-17 03:45:00+00:00,55850.3984375,56067.30078125,55788.8515625,55983.0,0.0,45.59600837363497,-101.02382773075078,-157.0954957719433,55890.25067997624,56019.34054861913,186.19188132793062
2025-06-17 04:45:00+00:00,55826.05078125,55958.3515625,55795.25,55846.8515625,0.0,44.595785424525275,-94.47879231259867,-144.57215508007437,55884.136403907076,56011.76055774191,184.54257284022128
2025-06-17 05:45:00+00:00,55728.0,55826.5,55721.0,55821.19921875,0.0,40.72165701170467,-96.09594891020242,-134.87691384609997,55869.26627020164,56000.632692732426,178.8966747802055
2025-06-17 06:45:00+00:00,55683.94921875,55750.19921875,55654.0,55728.0,0.0,39.07913072188985,-99.78186384950823,-127.85790384678162,55851.617027206245,55988.21373296841,172.9897136351908
2025-06-17 07:45:00+00:00,55715.80078125,55725.6015625,55643.94921875,55683.25,0.0,40.934302109896386,-98.99170830224466,-122.08466473787425,55838.68214663898,55977.53087211671,166.46561578624863
2025-06-17 08:45:00+00:00,55742.75,55769.75,55679.25,55715.19921875,0.0,42.52895856159326,-95.09473470194644,-116.68667873068868,55829.54575172099,55968.32377909253,161.03950037294516
2025-06-17 09:45:00+00:00,55678.69921875,55743.6015625,55660.1015625,55742.44921875,0.0,39.78005141859149,-96.06731360824779,-112.56280570620052,55815.17941524756,55956.96595319674,155.5009646320205
2025-06-18 03:45:00+00:00,55889.3984375,55933.44921875,55528.44921875,55567.80078125,0.0,51.00007804300242,-78.92660654214706,-105.83556587338984,55822.247893557316,55954.31624669883,173.3223243011619
2025-06-18 04:45:00+00:00,55752.8984375,55908.0,55715.6015625,55889.3984375,0.0,45.133236071169996,-75.48671802548779,-99.76579630380944,55815.64318345662,55946.41750908319,174.6849038153646
2025-06-18 05:45:00+00:00,55776.19921875,55799.69921875,55612.19921875,55752.6015625,0.0,46.26949417435938,-70.07264939533343,-93.82716692211424,55811.88661538932,55939.7422820113,175.60026782855286
2025-06-18 06:45:00+00:00,55770.1484375,55793.25,55712.30078125,55776.8984375,0.0,46.00306604330714,-65.51499242703721,-88.16473202309884,55807.91155082843,55933.09154301086,168.83947860865624
2025-06-18 07:45:00+00:00,55694.69921875,55831.3984375,55681.6484375,55770.5,0.0,42.7012428046055,-67.2163100595426,-83.97504763038759,55797.129423963815,55923.742824412395,167.47594442232366
2025-06-18 08:45:00+00:00,55823.25,55858.94921875,55641.1015625,55695.8515625,0.0,49.36911432513985,-57.52849021253496,-78.68573614681706,55799.617097872026,55919.8019293374,171.07392383858627
2025-06-18 09:45:00+00:00,55802.8515625,55857.8515625,55775.05078125,55827.19921875,0.0,48.40649946091539,-50.909948421154695,-73.13057860168459,55799.92514212231,55915.21564044182,164.76869936797294
2025-06-19 03:45:00+00:00,55809.94921875,55941.94921875,55685.75,55803.19921875,0.0,48.78072497842249,-44.578116052733094,-67.42008609189429,55800.879816086854,55911.087545473514,171.29945075240343
2025-06-19 04:45:00+00:00,55685.3515625,55818.05078125,55662.05078125,55808.6015625,0.0,42.89827996556977,-49.04868018229172,-63.745804909973785,55789.87712526906,55902.23515398436,170.20663284151746
2025-06-19 05:45:00+00:00,55653.8984375,55694.05078125,55612.3515625,55686.5,0.0,41.536587451385664,-54.501380794543365,-61.896920086887704,55776.92677405296,55892.49645922027,163.88467469212335
2025-06-19 06:45:00+00:00,55653.30078125,55706.80078125,55543.0,55653.19921875,0.0,41.50962494083455,-58.200017604198365,-61.15753959034984,55765.15286997649,55883.11623655477,163.87868230340024
2025-06-19 07:45:00+00:00,55678.25,55710.3515625,55592.69921875,55652.94921875,0.0,43.16811081432021,-58.44431084419921,-60.61489384111972,55756.876406169205,55875.0822664938,160.57680097815737
2025-06-19 08:45:00+00:00,55565.6015625,55705.3515625,55562.1484375,55677.1015625,0.0,37.93753623922104,-66.95587679183518,-61.883090431262815,55738.659754391185,55862.94576829797,159.33582412257468
2025-06-19 09:45:00+00:00,55497.05078125,55597.8984375,55482.3984375,55570.25,0.0,35.14664953746241,-78.32989104663284,-65.17245055433682,55715.649375996785,55848.596945276484,156.20469382810506
2025-06-20 03:45:00+00:00,55799.69921875,55833.6015625,55566.69921875,55566.69921875,0.0,51.952330692374616,-62.205612146011845,-64.57908287267183,55723.65412292566,55846.679387373486,169.08655721538327
2025-06-20 04:45:00+00:00,56132.8984375,56134.69921875,55796.25,55798.19921875,0.0,63.244875489823734,-22.283739578342647,-56.120014213806,55762.62977193274,55857.903663849036,181.1838901821416
2025-06-20 05:45:00+00:00,56165.75,56198.3984375,56095.3515625,56133.94921875,0.0,64.1397648986983,11.86866402400483,-42.52227856624384,55801.02217460581,55869.976069188284,175.60267481198863
2025-06-20 06:45:00+00:00,56168.6015625,56186.8984375,56027.44921875,56167.0,0.0,64.22119572467281,38.71846483468835,-26.274129886057406,55836.02973535764,55881.686872847575,174.4488565218466
2025-06-20 07:45:00+00:00,56155.0,56242.1015625,56137.80078125,56169.3515625,0.0,63.48072452349696,58.228372565739846,-9.373629395697957,55866.40785579977,55892.40503469669,169.4382797167147
2025-06-20 08:45:00+00:00,56239.1484375,56294.80078125,56067.0,56156.25,0.0,66.08598377472853,79.5630374824832,8.413703979938274,55901.90695881884,55906.00281519878,173.60702982623508
2025-06-20 09:45:00+00:00,56216.5,56323.25,56208.69921875,56240.94921875,0.0,64.74715101568394,93.56481654851086,25.443926493652793,55931.8682008361,55918.179175387064,169.388726356504
2025-06-23 03:45:00+00:00,55828.3984375,56057.44921875,55782.80078125,55855.3515625,0.0,47.12791638590969,72.50893685324263,34.85692856557076,55922.013937661235,55914.65836213659,188.26804724175372
2025-06-23 04:45:00+00:00,55917.69921875,55950.80078125,55811.55078125,55826.69921875,0.0,50.467923998102805,62.3095613871119,40.34745512987899,55921.60301205064,55914.77761141555,184.76675815305703
2025-06-23 05:45:00+00:00,55914.0,55949.1015625,55856.8984375,55917.6015625,0.0,50.326098690363786,53.31342285795108,42.940648675493414,55920.87891566486,55914.74711685024,178.15507007069579
2025-06-23 06:45:00+00:00,55973.55078125,55975.6484375,55902.5,55914.1015625,0.0,52.633746166608816,50.40809547348181,44.434138035091095,55925.89528381583,55917.05314290513,170.6545963156461
2025-06-23 07:45:00+00:00,56125.44921875,56231.8984375,55961.30078125,55976.25,0.0,57.994193672192075,59.674644867722236,47.48223940161732,55944.900420476224,55925.225538036306,177.79338631095712
2025-06-23 08:45:00+00:00,56063.19921875,56129.8984375,56011.8984375,56125.69921875,0.0,55.2353938035441,61.288897015707335,50.243570924435325,55956.16697269277,55930.636270613315,173.52243014588876
2025-06-23 09:45:00+00:00,56034.55078125,56085.80078125,56021.55078125,56057.25,0.0,53.96312453228864,59.56983007164672,52.10882275387761,55963.63209731727,55934.71134946181,165.7172565640396
2025-06-24 03:45:00+00:00,56619.6015625,56728.0,56461.44921875,56529.44921875,0.0,69.44257749799101,104.21484188103932,62.530026579309954,56026.10537971563,55961.569789188805,203.41239672017963
2025-06-24 04:45:00+00:00,56692.80078125,56711.8515625,56487.19921875,56620.6484375,0.0,70.76698299155221,143.84474787835643,78.79297083911925,56089.60017986176,55990.24551436768,204.92953579373824
2025-06-24 05:45:00+00:00,56826.19921875,56860.8515625,56653.55078125,56691.75,0.0,73.05865523305742,183.8960339403202,99.81358345935945,56159.75246927968,56023.028012578754,205.0989104691855
2025-06-24 06:45:00+00:00,56566.05078125,56840.3515625,56488.6484375,56831.30078125,0.0,62.73070378883291,192.42698345963436,118.33626345941443,56198.44754661019,56044.323023114885,215.57064007852938
2025-06-24 07:45:00+00:00,56370.6484375,56614.6015625,56278.3515625,56566.44921875,0.0,56.29354340524717,181.33022436838655,130.93505564120886,56214.84763145683,56057.12009818881,224.19059435863443
2025-06-24 08:45:00+00:00,56457.6484375,56513.3515625,56349.69921875,56372.0,0.0,58.34316913463565,177.50991198215343,140.25002690939777,56237.971517746664,56072.82709188729,219.86643360087484
2025-06-24 09:45:00+00:00,56471.3984375,56506.6484375,56440.80078125,56457.75,0.0,58.673029898788826,173.5907508592427,146.91817169936678,56260.20265296126,56088.45734073485,208.86509236152665
2025-06-25 03:45:00+00:00,56567.25,56663.5,56435.3984375,56566.0,0.0,60.99192011953357,176.18821934289736,152.7721812280729,56289.44525744115,56107.23352345113,210.2391259428462
2025-06-25 04:45:00+00:00,56566.0,56646.75,56561.25,56571.1015625,0.0,60.943894571809075,176.11571494299278,157.4408879710569,56315.783804351515,56125.224365668735,201.32918837550002
2025-06-25 05:45:00+00:00,56564.55078125,56619.80078125,56519.94921875,56566.8984375,0.0,60.88403796638666,173.9362856132284,160.7399674994912,56339.475897389464,56142.45285255428,194.08078652725
2025-06-25 06:45:00+00:00,56610.30078125,56634.55078125,56529.75,56564.19921875,0.0,62.14793950496582,173.89614826809702,163.37120365321238,56365.26874347142,56160.799830150194,187.70364329316072
2025-06-25 07:45:00+00:00,56625.3984375,56643.3984375,56567.05078125,56609.44921875,0.0,62.5776670603453,173.0873505815398,165.31443303887787,56390.04300004557,56179.0193833796,179.74964421864925
2025-06-25 08:45:00+00:00,56616.94921875,56681.05078125,56586.94921875,56622.05078125,0.0,62.152408227578206,169.80716000852408,166.21297843280712,56411.65311611266,56196.19310241373,173.6319240958886
2025-06-25 09:45:00+00:00,56591.0,56629.69921875,56564.30078125,56617.19921875,0.0,60.786155421129145,163.23206265065528,165.61679527637676,56428.73377172098,56211.67572584849,165.90096076761083
2025-06-26 03:45:00+00:00,56695.69921875,56802.5,56569.55078125,56689.8515625,0.0,64.20514337451692,164.57251308080595,165.4079388372626,56454.159052390416,56230.657039295606,170.69012205206718
2025-06-26 04:45:00+00:00,56609.75,56743.75,56560.5,56693.19921875,0.0,59.610379382118815,156.8909053627649,163.7045321423631,56468.97723787704,56245.52342991147,171.58725619120523
2025-06-26 05:45:00+00:00,56989.8515625,57033.6015625,56567.3984375,56609.75,0.0,69.87711462914497,179.40611335731955,166.8448483853544,56518.58431641256,56274.71276844435,192.63124682040484
2025-06-26 06:45:00+00:00,56861.69921875,57027.0,56804.5,56997.75,0.0,63.97279952379651,184.77874048003287,170.4316268042901,56551.261926158986,56297.73184492693,194.76472919037593
2025-06-26 07:45:00+00:00,57150.1484375,57157.0,56843.75,56863.44921875,0.0,70.09732096942062,209.89251718039304,178.3238048795107,56608.298736762896,56331.15994659646,203.2279628196348
2025-06-26 08:45:00+00:00,57187.8515625,57250.75,57092.05078125,57156.1015625,0.0,70.79615546701652,230.18427223416802,188.69589835044218,56663.494243975954,56364.75569623974,200.04733824323233
2025-06-26 09:45:00+00:00,57173.8515625,57246.55078125,57143.6484375,57184.05078125,0.0,70.14066035463046,242.34237921665772,199.42519452368532,56712.099702883,56396.484945897006,193.10841006514428
2025-06-27 03:45:00+00:00,57159.5,57251.8515625,56995.05078125,57228.30078125,0.0,69.43097008451976,247.96137110645213,209.1324298402387,56754.709254989386,56426.407104881444,197.65786514977682
2025-06-27 04:45:00+00:00,57294.6015625,57340.19921875,57158.1015625,57160.1015625,0.0,72.27489466014642,260.3152771898385,219.36899931015867,56806.12756999039,56460.45394635668,196.54642165693562
2025-06-27 05:45:00+00:00,57352.80078125,57381.0,57263.6015625,57296.05078125,0.0,73.42199209827035,271.6703802928896,229.82927550670487,56858.19168534845,56495.44793988191,190.8929942171545
2025-06-27 06:45:00+00:00,57370.05078125,57413.0,57315.69921875,57352.44921875,0.0,73.76841631524525,278.8469382192998,239.63280804922385,56906.94017067241,56529.7460905238,184.207836148072
2025-06-27 07:45:00+00:00,57379.3515625,57435.8515625,57341.6484375,57374.1484375,0.0,73.96545469558701,282.03379734147165,248.11300590767343,56951.931731798846,56563.06395216993,177.77892820892401
2025-06-27 08:45:00+00:00,57451.94921875,57461.30078125,57312.25,57380.5,0.0,75.51168129470904,287.1078299461151,255.91197071536178,56999.552444841815,56597.92219791817,175.72691771185802
2025-06-27 09:45:00+00:00,57399.94921875,57472.75,57380.1484375,57452.05078125,0.0,72.20380940876174,283.6631793663255,261.46221244555454,57037.685470928314,56629.37423795079,169.78939233958246
2025-06-30 03:45:00+00:00,57414.5,57605.3515625,57323.80078125,57529.25,0.0,72.56596227263476,278.8924963124591,264.9482692189355,57073.57256893514,56660.16348352135,177.7723486903266
2025-06-30 04:45:00+00:00,57358.80078125,57470.05078125,57297.80078125,57415.8984375,0.0,68.8671181627941,267.53327708150755,265.4652707914499,57100.73716058417,56687.561024608745,177.37789521244613
2025-06-30 05:45:00+00:00,57496.5,57509.0,57332.25,57358.0,0.0,72.58720776059214,266.56934468311374,265.6860855697827,57138.42885957615,56719.28412168291,177.33304555441427
2025-06-30 06:45:00+00:00,57347.3515625,57524.75,57310.6484375,57496.0,0.0,63.7075380140853,250.8784186480989,262.72455218544593,57158.32625985461,56743.91421740123,179.95936819338468
2025-06-30 07:45:00+00:00,57248.1484375,57388.05078125,57212.6484375,57349.8515625,0.0,58.57491117753319,227.81230516028154,255.74210278041306,57166.8807529637,56763.6881083855,179.63386644742863
2025-06-30 08:45:00+00:00,57332.1484375,57340.6015625,57196.19921875,57252.25,0.0,61.40997320303986,213.84526689878112,247.36273560408668,57182.62053244335,56785.98067031156,177.11732911189802
2025-06-30 09:45:00+00:00,57278.1484375,57341.0,57261.1484375,57331.1484375,0.0,58.63196989009055,196.1577552477538,237.12173953282013,57191.71842816303,56805.28136706405,170.1697743539053
2025-07-01 03:45:00+00:00,57205.94921875,57422.1015625,57197.80078125,57376.69921875,0.0,55.0464929926344,174.3051203474024,224.5584156957366,57193.07374155227,56820.99383183606,174.0362748464835
2025-07-01 04:45:00+00:00,57213.1015625,57262.80078125,57151.75,57202.69921875,0.0,55.33786810686256,155.7682842961658,210.80038941582248,57194.9811530711,56836.37060558758,169.53731101816328
2025-07-01 05:45:00+00:00,57283.80078125,57303.44921875,57189.1484375,57211.55078125,0.0,58.22058598675279,145.1098087227292,197.66227327720384,57203.44016527862,56853.91688698611,165.59184460615162
2025-07-01 06:45:00+00:00,57439.1484375,57460.5,57271.44921875,57284.6015625,0.0,63.7562596132916,147.49788381508552,187.6293953847802,57225.88857215685,56876.86714386901,167.26748293785508
2025-07-01 07:45:00+00:00,57530.3515625,57530.3515625,57401.5,57439.3984375,0.0,66.55777489472716,154.9634582171784,181.09620795125983,57254.885047427626,56902.49398381532,164.52348862086544
2025-07-01 08:45:00+00:00,57441.8984375,57533.3515625,57406.80078125,57530.3515625,0.0,61.585802224342544,151.99049989155174,175.27506633931822,57272.69584648214,56923.64709964609,161.81115238008934
2025-07-01 09:45:00+00:00,57442.69921875,57501.30078125,57425.8984375,57439.05078125,0.0,61.61375924705332,147.99305355505203,169.81866378246497,57288.88664384098,56944.00208470899,155.63909462079727
2025-07-02 03:45:00+00:00,57268.3515625,57590.25,57209.75,57535.30078125,0.0,52.632450201924534,129.26654548736406,161.7082401234448,57286.9309218085,56956.72167207335,171.7005878621689
2025-07-02 04:45:00+00:00,57202.05078125,57278.75,57153.30078125,57268.94921875,0.0,49.66747393347086,107.8327056709386,150.93313323294356,57278.84709889817,56966.34242145283,168.3969186398711
2025-07-02 05:45:00+00:00,57158.30078125,57235.30078125,57138.69921875,57201.3984375,0.0,47.755698274295746,86.32091999515978,138.0106905853868,57267.366497217394,56973.8702002684,163.2686789155946
2025-07-02 06:45:00+00:00,57043.30078125,57177.6484375,57043.30078125,57155.75,0.0,43.06347768362025,59.30945349709509,122.27044316772847,57246.0269052205,56976.592968150035,161.20289158233783
2025-07-02 07:45:00+00:00,56888.1484375,57050.75,56852.5,57042.30078125,0.0,37.68383426656314,25.093907269292686,102.83513598804132,57211.94324162807,56973.12455518337,163.84911361217084
2025-07-02 08:45:00+00:00,57017.05078125,57066.1015625,56834.1015625,56891.8984375,0.0,43.948770966329995,8.28369297664176,83.92484738576141,57193.382054925394,56974.84715228403,168.71703406844435
2025-07-02 09:45:00+00:00,56972.1484375,57019.5,56951.80078125,57018.69921875,0.0,42.35150339343029,-8.563057243824005,65.42726645984433,57172.31218659917,56974.74132033171,161.5014758314126
2025-07-03 03:45:00+00:00,57119.3515625,57190.19921875,56895.3984375,57022.19921875,0.0,48.907260209237315,-9.921793943693046,50.35745437913686,57167.26831763735,56980.412310220665,171.0228547898831
2025-07-03 04:45:00+00:00,57103.25,57158.44921875,57061.44921875,57121.05078125,0.0,48.260765858277274,-12.157717495523684,37.854420004204755,57161.17133500522,56985.22947452574,165.73550801917716
2025-07-03 05:45:00+00:00,56989.75,57135.5,56956.69921875,57103.6015625,0.0,43.859592133097514,-22.82509101908363,25.71851779954708,57144.845493576155,56985.40675003454,166.66874182137877
2025-07-03 06:45:00+00:00,56978.80078125,57048.3984375,56949.8515625,56989.3515625,0.0,43.44795401272329,-31.79604680227203,14.215604879183257,57129.031711449854,56985.14769243515,161.8028941912803
2025-07-03 07:45:00+00:00,56923.30078125,57116.1484375,56907.25,56978.55078125,0.0,41.330489777679475,-42.88957572868094,2.794568757610417,57109.43828952606,56982.72232336907,165.16686157047457
2025-07-03 08:45:00+00:00,56794.1484375,56945.94921875,56767.44921875,56921.8515625,0.0,36.83200637302524,-61.39506797041395,-10.043358587994458,57079.410684571194,56975.32726902127,166.11922860115496
2025-07-03 09:45:00+00:00,56772.75,56832.6015625,56765.80078125,56798.94921875,0.0,36.130337765684274,-76.90101197211334,-23.414889264818235,57050.20490508823,56967.38306239298,159.02505379035819
2025-07-04 03:45:00+00:00,56795.6015625,56920.8984375,56680.19921875,56825.6484375,0.0,37.499665895905814,-86.3502621219086,-36.001963836236314,57025.95696769887,56960.64653298541,164.8589227160469
2025-07-04 04:45:00+00:00,56855.69921875,56898.19921875,56776.3984375,56796.3515625,0.0,41.077501506874235,-87.9753571866022,-46.39664250630949,57009.74194398945,56956.530952035006,161.78334118275782
2025-07-04 05:45:00+00:00,56639.05078125,56861.75,56628.8984375,56855.5,0.0,33.60839678434152,-105.52850808131188,-58.223015621309976,56974.43802372855,56944.08074925913,166.859642705418
2025-07-04 06:45:00+00:00,56752.1015625,56759.3515625,56623.6015625,56639.30078125,0.0,39.76339209008661,-109.06007671014959,-68.3904278390779,56953.26312265916,56936.55215369995,164.63752536931673
2025-07-04 07:45:00+00:00,56864.44921875,56872.19921875,56728.3515625,56751.25,0.0,45.20048115775508,-101.62191913490096,-75.03672609824253,56944.804655620195,56933.72458762348,163.15253471793696
2025-07-04 08:45:00+00:00,57045.55078125,57056.30078125,56793.8515625,56863.55078125,0.0,52.623961262755216,-80.18936996187404,-76.06725487096884,56954.39952472779,56938.10992855002,170.24515500594148
2025-07-04 09:45:00+00:00,57044.80078125,57072.19921875,56997.8984375,57044.8515625,0.0,52.59218697795463,-62.54347679255443,-73.36249925528597,56963.009168206096,56942.29388355786,163.39198545194566
2025-07-07 03:45:00+00:00,56919.3515625,57064.75,56854.05078125,56938.69921875,0.0,47.43318262864252,-58.012945727787155,-70.29258854978622,56958.85130099599,56941.39418469285,166.7710735446638
2025-07-07 04:45:00+00:00,57021.69921875,57152.19921875,56896.1015625,56920.25,0.0,51.60424387544407,-45.63778276276571,-65.36162739238212,56964.836816972565,56944.5434017147,173.1515437379021
2025-07-07 05:45:00+00:00,56909.8515625,57042.6015625,56899.8984375,57028.3984375,0.0,47.19685275684162,-44.34437372734101,-61.1581766593739,56959.600126070414,56943.182937431775,170.9766566851948
2025-07-07 06:45:00+00:00,56950.6484375,56985.19921875,56838.8515625,56909.94921875,0.0,48.910847802501365,-39.571218514669454,-56.84078503043301,56958.747584301804,56943.475702140335,169.21744236839518
2025-07-07 07:45:00+00:00,56965.94921875,57029.5,56909.30078125,56947.3515625,0.0,49.57198714296575,-34.160037795169046,-52.304635583380225,56959.43345424925,56944.357016517184,165.71614068136697
2025-07-07 08:45:00+00:00,56947.1015625,56986.69921875,56856.1015625,56975.44921875,0.0,48.73535060255813,-31.034737299320113,-48.05065592656821,56958.25898836837,56944.46464577141,163.20767750769792
2025-07-07 09:45:00+00:00,56919.8515625,56965.3515625,56913.3515625,56947.8515625,0.0,47.48746905899387,-30.406256998590834,-44.52177614097274,56954.60113828567,56943.49942681959,155.2642719714338
2025-07-08 03:45:00+00:00,57146.80078125,57257.55078125,56941.30078125,56996.19921875,0.0,57.294911385937425,-11.463136668971856,-37.910048246572565,56972.90586618704,56951.472028954115,168.29533959847427
2025-07-08 04:45:00+00:00,57087.5,57220.5,57077.1015625,57147.0,0.0,54.43415607464129,-1.2215732435579412,-30.57235324596964,56983.819593216846,56956.80645919121,166.51698944858325
2025-07-08 05:45:00+00:00,57110.8984375,57175.80078125,57060.69921875,57087.3984375,0.0,55.380823294159626,8.68290677058394,-22.721301242658928,56995.92234029143,56962.84928186999,162.84445895225585
2025-07-08 06:45:00+00:00,57147.8984375,57200.0,57076.6484375,57103.44921875,0.0,56.905505262832754,19.295443456641806,-14.317952302798782,57010.396254311294,56970.10611150254,160.02353777709473
2025-07-08 07:45:00+00:00,57094.30078125,57169.1015625,57074.30078125,57146.05078125,0.0,54.02555047012924,23.114621347922366,-6.831437572654552,57018.38716163879,56974.97649070832,155.36476945373082
2025-07-08 08:45:00+00:00,57271.3515625,57287.75,57081.55078125,57094.55078125,0.0,61.039910651991796,39.967149295815034,2.528279801039365,57042.47900933986,56986.59904254329,158.99580154632147
2025-07-08 09:45:00+00:00,57240.8515625,57302.1015625,57220.6015625,57272.1015625,0.0,59.35975205557148,50.28218231144274,12.079060303120041,57061.37163345035,56996.569729600415,153.46038715015564
2025-07-09 03:45:00+00:00,57193.8515625,57231.1484375,57038.69921875,57168.8515625,0.0,56.76669141239342,54.04145681301452,20.47153960509894,57073.98876955031,57004.306272067064,156.93838405014452
2025-07-09 04:45:00+00:00,57186.0,57217.8984375,57127.80078125,57193.94921875,0.0,56.32404459441399,55.744564820655796,27.526144648210312,57084.65650578361,57011.43151629973,152.1640463501342
2025-07-09 05:45:00+00:00,57197.44921875,57217.0,57097.19921875,57186.69921875,0.0,56.85239843437146,57.35697099677054,33.492309917922356,57095.39866892327,57018.72632816053,149.85238455726747
2025-07-09 06:45:00+00:00,57268.44921875,57270.75,57174.5,57201.8984375,0.0,60.07766467897308,63.63042915758706,39.5199337658553,57111.87967366868,57028.51938269345,146.02364280317695
2025-07-09 07:45:00+00:00,57212.8984375,57290.6484375,57187.0,57267.44921875,0.0,56.517975994967,63.38899725613737,44.29374646391172,57121.500508319274,57035.74993386233,142.9968424243786
2025-07-09 08:45:00+00:00,57218.0,57246.8515625,57154.5,57221.55078125,0.0,56.77129566765382,62.88442172359646,48.01188151584867,57130.69093609839,57042.896995279494,139.37932242978013
2025-07-09 09:45:00+00:00,57187.8515625,57230.69921875,57170.05078125,57218.0,0.0,54.74163600808326,59.36746386507002,50.282997985692944,57136.1348052795,57048.581488111675,133.7556877919387
2025-07-10 03:45:00+00:00,57184.6484375,57361.30078125,57152.80078125,57339.75,0.0,54.5186215384066,55.679940313639236,51.362386451282205,57140.75515120526,57053.91744691122,139.09456723537164
2025-07-10 04:45:00+00:00,57187.1484375,57280.1015625,57116.55078125,57180.69921875,0.0,54.67382989435954,52.35575587517815,51.561060336061395,57145.17355942381,57059.142191640196,140.84143966498794
2025-07-10 05:45:00+00:00,57058.8984375,57194.05078125,57023.94921875,57187.1015625,0.0,46.00116848031441,38.923921846471785,49.03363263814347,57136.95688114535,57059.132632654306,142.93144843891739
2025-07-10 06:45:00+00:00,57075.30078125,57203.3515625,57039.69921875,57058.5,0.0,47.15569601616559,29.26527677444392,45.07996146540357,57131.08487163151,57059.76667769728,144.411512389709
2025-07-10 07:45:00+00:00,57098.6484375,57172.55078125,56994.5,57074.30078125,0.0,48.83270151113869,23.22694592855987,40.709358358034834,57127.99568742851,57061.291452591504,146.8143173083012
2025-07-10 08:45:00+00:00,57002.25,57150.5,56976.5,57097.3984375,0.0,42.79415828346573,10.541461551540124,34.67577899673589,57116.01990767341,57058.976101509485,148.75615178627973
2025-07-10 09:45:00+00:00,56956.94921875,57046.6484375,56946.1484375,57005.8515625,0.0,40.2737883354904,-3.131176411094202,27.114387915169875,57100.870318252135,57054.975047283624,145.30928380154546
2025-07-11 03:45:00+00:00,56816.5,57090.30078125,56808.0,56843.44921875,0.0,33.65564662429432,-25.011600511039433,16.689190229928016,57073.78743079955,57045.62308464505,155.09439076214935
2025-07-11 04:45:00+00:00,56689.3515625,56823.1484375,56647.19921875,56814.6015625,0.0,29.008233825540103,-52.01224574021762,2.948903035898889,57037.1744909615,57031.65165240407,156.5840213327101
2025-07-11 05:45:00+00:00,56661.25,56736.19921875,56608.80078125,56689.0,0.0,28.085164320253895,-74.8155853557837,-12.603994642437629,57001.37215848898,57017.12609740783,154.49933677323082
2025-07-11 06:45:00+00:00,56734.05078125,56837.94921875,56639.44921875,56660.1484375,0.0,33.94901211357438,-86.02138073428796,-27.287471860807695,56975.91297970431,57006.02510461733,157.64224128942865
2025-07-11 07:45:00+00:00,56760.3984375,56816.30078125,56679.44921875,56733.94921875,0.0,35.98346207231171,-91.71874207660585,-40.17372590396732,56955.387785208666,56996.392686299005,156.15719280446947
2025-07-11 08:45:00+00:00,56760.80078125,56799.75,56706.0,56761.6015625,0.0,36.01587213740196,-95.10516309036757,-51.16001334124738,56936.855689593554,56987.15378806178,151.6995361755788
2025-07-11 09:45:00+00:00,56712.8515625,56764.75,56695.69921875,56760.8515625,0.0,33.818464810793174,-100.49953132803785,-61.02791693860548,56915.5219632037,56976.39683803976,145.7960536808946
2025-07-14 03:45:00+00:00,56848.0,56895.5,56653.5,56765.55078125,0.0,44.15982329440823,-92.79952246777975,-67.38223804444034,56909.09130004144,56971.36166792055,152.66776413225926
2025-07-14 04:45:00+00:00,56673.5,56892.5,56659.8984375,56849.1015625,0.0,36.27760513047492,-99.62943549785268,-73.83167753512282,56886.654033370825,56959.68081819818,158.37732115852646
2025-07-14 05:45:00+00:00,56659.44921875,56699.55078125,56597.69921875,56673.5,0.0,35.72466386770941,-104.96598882058606,-80.05853979221547,56865.015479597416,56947.90702998453,154.33976696863172
2025-07-14 06:45:00+00:00,56648.80078125,56728.44921875,56617.8984375,56659.8984375,0.0,35.28571951561355,-108.80030351706955,-85.80689253718629,56844.42360356433,56936.17737317141,151.21198227444373
2025-07-14 07:45:00+00:00,56665.55078125,56726.0,56595.19921875,56650.19921875,0.0,36.60521662997701,-109.22832439305057,-90.49117890835916,56827.388096677256,56925.56456564509,149.75403934412634
2025-07-14 08:45:00+00:00,56764.3515625,56830.6484375,56622.05078125,56669.30078125,0.0,43.87460658956817,-100.43735735123482,-92.4804145969343,56821.3846172318,56919.24248709038,153.95715483740304
2025-07-14 09:45:00+00:00,56763.6015625,56791.1015625,56732.44921875,56764.8515625,0.0,43.83351657205794,-92.465091351507,-92.47734994784885,56815.8814691621,56913.13892142017,147.14966833115997
2025-07-15 03:45:00+00:00,57036.5,57063.05078125,56730.0,56730.0,0.0,58.91212443189639,-63.39560484058893,-86.66100092639687,56836.89275781333,56917.97661077624,160.42831925393426
2025-07-15 04:45:00+00:00,57078.44921875,57134.44921875,56989.8984375,57038.0,0.0,60.66044461745726,-36.55153266148409,-76.63910727341431,56859.89813504539,56924.2696542262,159.2942093965104
2025-07-15 05:45:00+00:00,57054.94921875,57114.75,57034.6484375,57077.94921875,0.0,59.14222836079479,-16.977954371162923,-64.70687669296403,56878.47442873154,56929.394343031054,153.63759176104537
2025-07-15 06:45:00+00:00,57034.8515625,57117.1015625,56992.05078125,57056.44921875,0.0,57.80965639894486,-3.0522806608496467,-52.375957486541154,56893.367489090444,56933.52992026514,151.5956767245421
2025-07-15 07:45:00+00:00,56983.69921875,57048.1484375,56915.3984375,57038.44921875,0.0,54.447078341608396,3.812402438801655,-41.138285501472595,56901.97051096278,56935.49734373514,150.24955695850335
2025-07-15 08:45:00+00:00,57038.3515625,57042.8984375,56908.19921875,56983.6484375,0.0,57.30454745594512,13.507000352336036,-30.20922833071087,56914.95918253776,56939.530842510234,149.13881851503882
2025-07-15 09:45:00+00:00,57049.6015625,57076.80078125,57011.8515625,57043.5,0.0,57.89011603818848,21.84599301561684,-19.79818406144533,56927.78226634369,56943.84734133336,143.1252756746789
2025-07-16 03:45:00+00:00,57023.1015625,57158.3515625,56991.55078125,57111.25,0.0,55.943744640778235,26.01647452655743,-10.635252343844776,56936.86029454906,56946.95535000657,144.81638321577327
2025-07-16 04:45:00+00:00,57030.80078125,57085.3984375,56938.44921875,57024.0,0.0,56.40238210013117,29.60164444793918,-2.5878729854879854,56945.8070075682,56950.24340613376,144.9687286110752
2025-07-16 05:45:00+00:00,57109.94921875,57173.55078125,56984.6484375,57030.6484375,0.0,60.90777529566274,38.387033053601044,5.6071082223298205,56961.43959910932,56956.50637917754,148.10684397814126
2025-07-16 06:45:00+00:00,57249.6015625,57271.0,57102.80078125,57113.5,0.0,67.32412135159777,55.97307111440023,15.680300800743904,56988.88359562272,56968.00030793528,149.5420136047026
2025-07-16 07:45:00+00:00,57237.69921875,57276.55078125,57163.44921875,57251.8515625,0.0,66.32494253430603,68.1639615909371,26.177032958782547,57012.58032163484,56978.57673581037,146.939124240081
2025-07-16 08:45:00+00:00,57179.05078125,57252.6484375,57153.75,57239.6015625,0.0,61.48282859603948,72.25992394045898,35.39361115511784,57028.434651122,56986.43846308251,143.5076466157895
2025-07-16 09:45:00+00:00,57108.3984375,57195.1484375,57084.1484375,57181.25,0.0,56.16338500726655,69.00945193292864,42.11677931068,57036.050249824664,56991.22120717731,141.18567185751883
2025-07-17 03:45:00+00:00,56992.6015625,57251.3515625,56981.55078125,57231.94921875,0.0,48.722911870711876,56.438995779644756,44.981222604472954,57031.91227960327,56991.2753387586,150.37246538555317
2025-07-17 04:45:00+00:00,56991.6015625,57037.44921875,56916.8984375,56990.6015625,0.0,48.6629557388645,45.867396277455555,45.15845733906947,57028.07316368867,56991.28813184649,148.2423450901565
2025-07-17 05:45:00+00:00,56955.80078125,57039.1015625,56953.94921875,56992.69921875,0.0,46.45878416188305,34.20619592641742,42.96800505653906,57021.19007964689,56989.89647103879,143.73591642300246
2025-07-17 06:45:00+00:00,56896.30078125,56960.69921875,56868.75,56955.5,0.0,42.97484637029,19.933674900094047,38.36113902525006,57009.29586075195,56986.226051831385,140.03686658921657
2025-07-17 07:45:00+00:00,56862.80078125,56956.05078125,56835.0,56894.6015625,0.0,41.10580780039674,5.851971248128393,31.85930546982573,56995.343948418435,56981.38584514192,138.68071763641538
2025-07-17 08:45:00+00:00,56854.25,56909.1015625,56817.3515625,56861.3984375,0.0,40.62019336303076,-5.9295052882880555,24.301543318202977,56981.90642952144,56976.4001257246,135.32852351952857
2025-07-17 09:45:00+00:00,56805.1015625,56852.19921875,56782.19921875,56849.5,0.0,37.85218166601592,-19.013107215250784,15.638613211512226,56965.06787075749,56969.68253500991,130.8086847859908
2025-07-18 03:45:00+00:00,56408.8984375,56692.94921875,56404.05078125,56558.8984375,0.0,23.782662164239852,-60.65306619260082,0.38027733068961744,56912.099353304395,56947.69100177423,150.1116916762772
2025-07-18 04:45:00+00:00,56311.3515625,56411.5,56206.3984375,56410.8984375,0.0,21.649086391473944,-100.36727973676898,-19.769234082802104,56854.88527798969,56922.73651395956,154.03953959225737
2025-07-18 05:45:00+00:00,56275.8515625,56376.44921875,56268.1015625,56316.6015625,0.0,20.913761232602226,-133.17052647664968,-42.449492561571624,56799.739209847816,56897.36847664742,150.77583363923898
2025-07-18 06:45:00+00:00,56273.5,56376.5,56240.80078125,56274.05078125,0.0,20.863209757529916,-157.5410521107333,-65.46780447140395,56749.621189862315,56872.90304619066,149.69893257572193
2025-07-18 07:45:00+00:00,56303.8984375,56364.5,56245.30078125,56274.75,0.0,23.4394487980109,-172.41448256922013,-86.85714009096719,56707.17140392304,56850.589139967495,147.52038158817035
2025-07-18 08:45:00+00:00,56280.80078125,56431.94921875,56264.44921875,56303.44921875,0.0,22.831259284282623,-183.94516581937933,-106.27474523664961,56666.564677954186,56828.24449844916,148.94749718901534
2025-07-18 09:45:00+00:00,56253.69921875,56307.6015625,56237.8984375,56280.05078125,0.0,22.106453406848075,-193.04488371259504,-123.62877293183871,56627.24415802998,56805.71331100998,143.28718488979996
